Tap_Number,Tap_Times,Condition,ID
1.0,412.1517579305219,Guess,1
2.0,412.9198655968067,Guess,1
3.0,413.7757809282048,Guess,1
4.0,414.49556619615765,Guess,1
5.0,415.2877834124957,Guess,1
6.0,416.12756882165564,Guess,1
7.0,416.98370935604913,Guess,1
8.0,417.8476418489591,Guess,1
9.0,418.8157951975009,Guess,1
10.0,419.78372911736375,Guess,1
11.0,420.6876097944333,Guess,1
12.0,421.6395581531106,Guess,1
13.0,422.5998983699829,Guess,1
14.0,423.4794879230904,Guess,1
15.0,424.3916837867583,Guess,1
16.0,425.24772166449117,Guess,1
17.0,426.1597038741457,Guess,1
18.0,427.056180762942,Guess,1
19.0,427.95156211301224,Guess,1
20.0,428.8635635707761,Guess,1
21.0,429.73569929052616,Guess,1
22.0,430.67168582708115,Guess,1
23.0,431.6156750891824,Guess,1
24.0,432.47966917615855,Guess,1
25.0,433.39156444848055,Guess,1
26.0,434.3036236505723,Guess,1
27.0,435.24762895272585,Guess,1
28.0,436.08754717395647,Guess,1
29.0,437.1195792489453,Guess,1
30.0,438.024022933445,Guess,1
31.0,438.8557613464073,Guess,1
32.0,439.695816229214,Guess,1
33.0,440.59958238003316,Guess,1
34.0,441.49576573504606,Guess,1
35.0,442.2796465917491,Guess,1
36.0,443.1995866146172,Guess,1
37.0,444.0638421551558,Guess,1
38.0,444.8718062561239,Guess,1
39.0,445.7195728970692,Guess,1
40.0,446.5035862450023,Guess,1
41.0,447.3195331818425,Guess,1
42.0,448.1435675359099,Guess,1
43.0,448.9437614927302,Guess,1
44.0,449.69560353760613,Guess,1
45.0,450.5116415821249,Guess,1
46.0,451.3116783460137,Guess,1
47.0,452.14387518493464,Guess,1
48.0,452.88738183258107,Guess,1
49.0,453.84763832017785,Guess,1
50.0,454.7036011302844,Guess,1
51.0,455.439606465865,Guess,1
52.0,456.24775246146606,Guess,1
53.0,457.0395118934103,Guess,1
54.0,457.8714953990421,Guess,1
55.0,458.6715555815027,Guess,1
56.0,459.5596098150127,Guess,1
57.0,460.5517206533114,Guess,1
58.0,461.35955065907916,Guess,1
59.0,462.1595325658564,Guess,1
60.0,462.90369814075535,Guess,1
61.0,463.7995478616795,Guess,1
62.0,464.6478637156543,Guess,1
63.0,465.5357075030916,Guess,1
64.0,466.33575549500534,Guess,1
65.0,467.1676206247649,Guess,1
66.0,467.991700853454,Guess,1
67.0,468.7996662376682,Guess,1
68.0,469.77558042702736,Guess,1
69.0,470.5837546532276,Guess,1
1.0,518.5675503049279,NoGuess,1
2.0,528.1354557375889,NoGuess,1
3.0,548.1517762162257,NoGuess,1
4.0,557.43167046702,NoGuess,1
5.0,558.5761224539019,NoGuess,1
6.0,559.519677991746,NoGuess,1
1.0,662.3676082417369,NoGuess_Perturbed,1
2.0,663.2793719852343,NoGuess_Perturbed,1
3.0,664.175695530721,NoGuess_Perturbed,1
4.0,665.0075795877492,NoGuess_Perturbed,1
5.0,666.0636390874861,NoGuess_Perturbed,1
6.0,666.9276572347153,NoGuess_Perturbed,1
7.0,667.5837514451705,NoGuess_Perturbed,1
8.0,668.4475536926184,NoGuess_Perturbed,1
9.0,669.2075729792705,NoGuess_Perturbed,1
10.0,670.0154905639356,NoGuess_Perturbed,1
11.0,670.7036389849382,NoGuess_Perturbed,1
12.0,671.4317407227354,NoGuess_Perturbed,1
13.0,672.1839866571827,NoGuess_Perturbed,1
14.0,672.9596254701028,NoGuess_Perturbed,1
15.0,673.6956484498223,NoGuess_Perturbed,1
16.0,674.6717121328693,NoGuess_Perturbed,1
17.0,675.3996791339014,NoGuess_Perturbed,1
18.0,676.1756910395343,NoGuess_Perturbed,1
19.0,676.8796569216065,NoGuess_Perturbed,1
20.0,677.7275204446632,NoGuess_Perturbed,1
21.0,678.5275969880167,NoGuess_Perturbed,1
22.0,679.1757792599965,NoGuess_Perturbed,1
23.0,680.0236119861947,NoGuess_Perturbed,1
24.0,680.7916840434773,NoGuess_Perturbed,1
25.0,681.6157495152438,NoGuess_Perturbed,1
26.0,682.4075827315683,NoGuess_Perturbed,1
27.0,683.2156639252789,NoGuess_Perturbed,1
28.0,683.991736141732,NoGuess_Perturbed,1
29.0,684.7517166112084,NoGuess_Perturbed,1
30.0,685.4475164796459,NoGuess_Perturbed,1
31.0,686.2236239841441,NoGuess_Perturbed,1
32.0,686.9915959512582,NoGuess_Perturbed,1
33.0,687.7035363282776,NoGuess_Perturbed,1
34.0,688.4235615561483,NoGuess_Perturbed,1
35.0,689.1918835181277,NoGuess_Perturbed,1
36.0,689.9357151380973,NoGuess_Perturbed,1
37.0,690.6558574587107,NoGuess_Perturbed,1
38.0,691.3436420902144,NoGuess_Perturbed,1
39.0,692.0795136514353,NoGuess_Perturbed,1
40.0,692.8313848891994,NoGuess_Perturbed,1
41.0,693.5594561508624,NoGuess_Perturbed,1
42.0,694.2875646256143,NoGuess_Perturbed,1
43.0,695.0156621929491,NoGuess_Perturbed,1
44.0,695.6795762719121,NoGuess_Perturbed,1
45.0,696.4797256373568,NoGuess_Perturbed,1
46.0,697.2316870205104,NoGuess_Perturbed,1
47.0,697.9436553072883,NoGuess_Perturbed,1
48.0,698.6797360313358,NoGuess_Perturbed,1
1.0,438.7039360473864,Guess,2
2.0,439.9997921201866,Guess,2
3.0,441.3118788469583,Guess,2
4.0,442.71994374413043,Guess,2
5.0,444.0159509147052,Guess,2
6.0,445.39250792679377,Guess,2
7.0,446.7277873517014,Guess,2
8.0,448.21569536370225,Guess,2
9.0,449.5277891482692,Guess,2
10.0,450.7439528829418,Guess,2
11.0,452.1360655820463,Guess,2
12.0,453.5039660744369,Guess,2
13.0,454.9039336091373,Guess,2
14.0,456.3039441315923,Guess,2
15.0,457.79199939151295,Guess,2
16.0,458.8877292610705,Guess,2
17.0,459.99204443232156,Guess,2
18.0,461.1521669528447,Guess,2
19.0,462.0723870359361,Guess,2
20.0,462.9837173759006,Guess,2
21.0,464.0239119359758,Guess,2
22.0,465.2000103937462,Guess,2
23.0,466.3680432490073,Guess,2
24.0,467.52777631627396,Guess,2
25.0,468.6957081188448,Guess,2
26.0,469.9280008133501,Guess,2
27.0,471.2159221707843,Guess,2
28.0,472.520388568053,Guess,2
29.0,473.8878774715122,Guess,2
30.0,475.0238519459963,Guess,2
31.0,476.3038738758769,Guess,2
32.0,477.5519140968099,Guess,2
33.0,478.88004348776303,Guess,2
34.0,480.44782509095967,Guess,2
35.0,481.87189223081805,Guess,2
36.0,483.04008035431616,Guess,2
37.0,484.5520077708643,Guess,2
38.0,485.8398072235286,Guess,2
39.0,487.15195811074227,Guess,2
40.0,488.4398364806548,Guess,2
41.0,489.88788581243716,Guess,2
42.0,491.255886715604,Guess,2
43.0,492.38382606371306,Guess,2
44.0,493.7440067776479,Guess,2
45.0,494.9679830025416,Guess,2
46.0,496.2318365140818,Guess,2
1.0,555.5039057636168,NoGuess,2
2.0,557.639946965035,NoGuess,2
3.0,560.0558503367938,NoGuess,2
4.0,561.3439818194602,NoGuess,2
5.0,562.3199274474755,NoGuess,2
6.0,563.4878980671056,NoGuess,2
7.0,566.303848532727,NoGuess,2
8.0,567.2320546593983,NoGuess,2
9.0,573.8718630380463,NoGuess,2
10.0,575.1598398941569,NoGuess,2
11.0,585.7437921613455,NoGuess,2
12.0,587.1278113478329,NoGuess,2
13.0,588.2159420605749,NoGuess,2
14.0,590.0158986239694,NoGuess,2
15.0,591.3678055349737,NoGuess,2
16.0,592.5359388012439,NoGuess,2
17.0,594.1358368503861,NoGuess,2
18.0,595.4238499570638,NoGuess,2
19.0,598.2480591482017,NoGuess,2
20.0,606.4719696084503,NoGuess,2
21.0,607.7358959419653,NoGuess,2
22.0,609.3118211028632,NoGuess,2
23.0,611.7757575095166,NoGuess,2
24.0,613.1599435131066,NoGuess,2
1.0,723.2159032435156,NoGuess_Perturbed,2
2.0,724.7519780648872,NoGuess_Perturbed,2
3.0,726.0639839495998,NoGuess_Perturbed,2
4.0,727.648065820802,NoGuess_Perturbed,2
5.0,729.1356424442492,NoGuess_Perturbed,2
6.0,730.5439845141955,NoGuess_Perturbed,2
7.0,732.4317991086282,NoGuess_Perturbed,2
8.0,733.9277983873617,NoGuess_Perturbed,2
9.0,736.0318966966588,NoGuess_Perturbed,2
10.0,738.3677728131879,NoGuess_Perturbed,2
11.0,746.4399542149622,NoGuess_Perturbed,2
12.0,747.9918304574676,NoGuess_Perturbed,2
13.0,750.8237902235705,NoGuess_Perturbed,2
14.0,752.1839481608476,NoGuess_Perturbed,2
15.0,756.2477685015183,NoGuess_Perturbed,2
16.0,757.9597775302827,NoGuess_Perturbed,2
17.0,759.3518927956466,NoGuess_Perturbed,2
18.0,760.7197721151169,NoGuess_Perturbed,2
1.0,316.5117160077207,Guess,3
2.0,317.3758105058223,Guess,3
3.0,318.63169657997787,Guess,3
4.0,319.76765886414796,Guess,3
5.0,321.015368017368,Guess,3
6.0,322.24772583460435,Guess,3
7.0,323.5276094991714,Guess,3
8.0,324.75169190904126,Guess,3
9.0,325.9837844232097,Guess,3
10.0,327.1195952887647,Guess,3
11.0,328.3596151401289,Guess,3
12.0,329.6156824673526,Guess,3
13.0,331.0874028126709,Guess,3
14.0,332.1679728650488,Guess,3
15.0,333.31158050103113,Guess,3
16.0,334.47965185251087,Guess,3
17.0,335.5359070417471,Guess,3
18.0,336.47979428851977,Guess,3
19.0,337.567758184392,Guess,3
20.0,338.59961317665875,Guess,3
21.0,339.63156248489395,Guess,3
22.0,340.68764572404325,Guess,3
23.0,341.76770538045093,Guess,3
24.0,343.0877005169168,Guess,3
25.0,344.2796520451084,Guess,3
26.0,345.80762212583795,Guess,3
27.0,347.04781071888283,Guess,3
28.0,348.40768442535773,Guess,3
29.0,349.82388453930616,Guess,3
30.0,350.99941870663315,Guess,3
31.0,352.3515992616303,Guess,3
32.0,353.8480900092982,Guess,3
33.0,355.2079611495137,Guess,3
34.0,356.7195815583691,Guess,3
35.0,358.25559125700966,Guess,3
36.0,364.1039106398821,Guess,3
37.0,365.33575709862635,Guess,3
38.0,366.50398756796494,Guess,3
39.0,368.0315842353739,Guess,3
40.0,369.30357296345755,Guess,3
41.0,370.7436401010491,Guess,3
42.0,372.2476613535546,Guess,3
43.0,373.6556158945896,Guess,3
1.0,407.6716960929334,NoGuess,3
2.0,413.095923634246,NoGuess,3
3.0,415.2557269567624,NoGuess,3
4.0,417.2478641010821,NoGuess,3
5.0,419.4315504874103,NoGuess,3
6.0,420.8796062353067,NoGuess,3
7.0,422.6477045980282,NoGuess,3
8.0,425.0078282095492,NoGuess,3
9.0,427.4156618081033,NoGuess,3
10.0,430.2955702384934,NoGuess,3
11.0,433.00751382345334,NoGuess,3
12.0,435.4159944797866,NoGuess,3
13.0,437.91975812846795,NoGuess,3
14.0,440.22358324285597,NoGuess,3
15.0,442.67957530962303,NoGuess,3
16.0,450.0316573786549,NoGuess,3
17.0,459.1038070213981,NoGuess,3
18.0,462.4395714988932,NoGuess,3
1.0,527.0475925737992,NoGuess_Perturbed,3
2.0,528.4637089581229,NoGuess_Perturbed,3
3.0,529.5436941883527,NoGuess_Perturbed,3
4.0,531.3357259812765,NoGuess_Perturbed,3
5.0,532.6076601734385,NoGuess_Perturbed,3
6.0,534.1118171247654,NoGuess_Perturbed,3
7.0,535.4235419873148,NoGuess_Perturbed,3
8.0,537.7357008946128,NoGuess_Perturbed,3
9.0,539.2476703361608,NoGuess_Perturbed,3
10.0,540.6074779578485,NoGuess_Perturbed,3
11.0,542.2875511520542,NoGuess_Perturbed,3
12.0,544.0476573756896,NoGuess_Perturbed,3
13.0,545.7276526149362,NoGuess_Perturbed,3
14.0,547.5756524791941,NoGuess_Perturbed,3
15.0,549.679583650548,NoGuess_Perturbed,3
16.0,551.4797355821356,NoGuess_Perturbed,3
17.0,552.9919263771735,NoGuess_Perturbed,3
18.0,554.9676846568473,NoGuess_Perturbed,3
19.0,556.743893855717,NoGuess_Perturbed,3
20.0,558.3676903671585,NoGuess_Perturbed,3
21.0,559.9275266681798,NoGuess_Perturbed,3
1.0,380.1299472474493,Guess,4
2.0,380.84166306303814,Guess,4
3.0,381.5296263813507,Guess,4
4.0,382.23393455916084,Guess,4
5.0,382.8336426934693,Guess,4
6.0,383.5059569715522,Guess,4
7.0,384.1618426607456,Guess,4
8.0,384.81813673092984,Guess,4
9.0,385.42582577629946,Guess,4
10.0,385.95423022285104,Guess,4
11.0,386.60205800877884,Guess,4
12.0,387.20994338486344,Guess,4
13.0,387.74573237169534,Guess,4
14.0,388.3859042187687,Guess,4
15.0,388.94595802389085,Guess,4
16.0,389.5539781367406,Guess,4
17.0,390.16183399921283,Guess,4
18.0,390.80192596674897,Guess,4
19.0,391.3618331651669,Guess,4
20.0,391.9138258586172,Guess,4
21.0,392.57013661041856,Guess,4
22.0,393.14601108431816,Guess,4
23.0,393.92197294486687,Guess,4
24.0,394.44177508703433,Guess,4
25.0,395.0017329722177,Guess,4
26.0,395.56194525328465,Guess,4
27.0,396.14596520969644,Guess,4
28.0,396.69034302723594,Guess,4
29.0,397.2098558060825,Guess,4
30.0,397.73807386658154,Guess,4
31.0,398.26600031834096,Guess,4
32.0,398.84187607560307,Guess,4
33.0,399.42595345550217,Guess,4
34.0,400.05000821268186,Guess,4
35.0,400.6417537217494,Guess,4
36.0,401.1862213637214,Guess,4
37.0,401.72186438553035,Guess,4
38.0,402.8978216906544,Guess,4
39.0,403.44987116591074,Guess,4
40.0,403.993975660298,Guess,4
41.0,404.6097226089332,Guess,4
42.0,405.145802883897,Guess,4
43.0,405.7378477011807,Guess,4
44.0,406.3702741060406,Guess,4
45.0,406.9138739788905,Guess,4
46.0,407.5379957833793,Guess,4
47.0,408.1458837259561,Guess,4
48.0,408.73787593189627,Guess,4
49.0,409.3379138505552,Guess,4
50.0,409.9378837593831,Guess,4
51.0,410.53798198886216,Guess,4
52.0,411.1137021572795,Guess,4
53.0,411.69800056982785,Guess,4
54.0,412.3217922693584,Guess,4
55.0,412.83401001174934,Guess,4
56.0,413.425927470671,Guess,4
57.0,414.09772846568376,Guess,4
58.0,414.1538261407986,Guess,4
59.0,414.55406186613254,Guess,4
60.0,415.1379047399387,Guess,4
61.0,415.633860389702,Guess,4
62.0,416.1463617209811,Guess,4
63.0,416.6018241441343,Guess,4
64.0,417.1778785882052,Guess,4
65.0,417.68994715763256,Guess,4
66.0,418.2339329549577,Guess,4
67.0,418.7537306060549,Guess,4
68.0,419.4978708375711,Guess,4
69.0,419.94597759260796,Guess,4
70.0,420.60997957130894,Guess,4
71.0,421.49772358941846,Guess,4
72.0,421.94607832445763,Guess,4
73.0,422.4102633527946,Guess,4
74.0,423.04183449968696,Guess,4
75.0,423.84178175986744,Guess,4
76.0,424.4179484844208,Guess,4
77.0,425.03395111253485,Guess,4
78.0,425.57816211297177,Guess,4
79.0,426.11392479389906,Guess,4
80.0,426.6581232829485,Guess,4
81.0,427.194081973983,Guess,4
82.0,427.69789951713756,Guess,4
83.0,428.2261843045708,Guess,4
84.0,428.7619049604982,Guess,4
85.0,429.2740630337503,Guess,4
86.0,429.8658508886583,Guess,4
87.0,430.3617552102078,Guess,4
88.0,430.8577599427663,Guess,4
89.0,431.3378092693165,Guess,4
90.0,431.8418321257923,Guess,4
91.0,433.01818658364937,Guess,4
92.0,433.45783828245476,Guess,4
93.0,434.0579108479433,Guess,4
94.0,434.6659418682102,Guess,4
95.0,435.40982706216164,Guess,4
96.0,435.9381711978931,Guess,4
97.0,436.5142137722578,Guess,4
98.0,437.32175505626947,Guess,4
99.0,438.0259487077128,Guess,4
100.0,438.50610261573456,Guess,4
101.0,439.01035035424866,Guess,4
1.0,469.72182621015236,NoGuess,4
2.0,470.52169487369247,NoGuess,4
3.0,471.3779871475417,NoGuess,4
4.0,472.3139294134453,NoGuess,4
5.0,473.185884200735,NoGuess,4
6.0,474.0179216011893,NoGuess,4
7.0,474.80180726991966,NoGuess,4
8.0,475.5140338023193,NoGuess,4
9.0,476.3618305986747,NoGuess,4
10.0,477.1377860431094,NoGuess,4
11.0,477.8978941917885,NoGuess,4
12.0,478.71381995570846,NoGuess,4
13.0,479.5378164551221,NoGuess,4
14.0,480.3058073495049,NoGuess,4
15.0,481.06578172394074,NoGuess,4
16.0,481.7700250996277,NoGuess,4
17.0,482.5060124702286,NoGuess,4
18.0,483.2018133010715,NoGuess,4
19.0,483.8899520977866,NoGuess,4
20.0,484.689818515908,NoGuess,4
21.0,485.4659449479077,NoGuess,4
22.0,486.1537760957144,NoGuess,4
23.0,486.9462643896695,NoGuess,4
24.0,487.5465137169231,NoGuess,4
25.0,488.3218214621302,NoGuess,4
26.0,489.09004814596847,NoGuess,4
27.0,489.72986486554146,NoGuess,4
28.0,490.4499674064573,NoGuess,4
29.0,491.3218111966271,NoGuess,4
30.0,492.0498535861261,NoGuess,4
31.0,492.7617817725986,NoGuess,4
32.0,493.40988448564894,NoGuess,4
33.0,494.0261277151294,NoGuess,4
34.0,494.6739362529479,NoGuess,4
35.0,495.3538605947979,NoGuess,4
36.0,496.03392673144117,NoGuess,4
37.0,496.7621452412568,NoGuess,4
38.0,497.47396692144684,NoGuess,4
39.0,498.17794563574716,NoGuess,4
40.0,498.94595545739867,NoGuess,4
41.0,499.51400204282254,NoGuess,4
42.0,500.30563764530234,NoGuess,4
43.0,500.92962214676663,NoGuess,4
44.0,501.5618124413304,NoGuess,4
45.0,502.17788243759423,NoGuess,4
46.0,502.7857761546038,NoGuess,4
47.0,503.4660540204495,NoGuess,4
48.0,504.16964552667923,NoGuess,4
49.0,504.7617846596986,NoGuess,4
50.0,505.4344473287929,NoGuess,4
51.0,506.0584982363507,NoGuess,4
52.0,506.7777968477458,NoGuess,4
53.0,507.4259540971834,NoGuess,4
54.0,508.0818895106204,NoGuess,4
55.0,508.8179596483242,NoGuess,4
56.0,509.8018579566851,NoGuess,4
57.0,511.5379486256279,NoGuess,4
58.0,512.3459987014066,NoGuess,4
59.0,513.1699839727953,NoGuess,4
60.0,514.0018539144658,NoGuess,4
61.0,514.8502355327364,NoGuess,4
62.0,515.6501125374343,NoGuess,4
63.0,516.4661425617523,NoGuess,4
64.0,517.1700664188247,NoGuess,4
65.0,517.9299679712858,NoGuess,4
66.0,518.569849813357,NoGuess,4
67.0,519.3618123128545,NoGuess,4
68.0,520.1457595757674,NoGuess,4
69.0,521.041910850443,NoGuess,4
70.0,521.9379687719047,NoGuess,4
71.0,522.6501937003341,NoGuess,4
72.0,523.6099353006575,NoGuess,4
73.0,524.4663581408095,NoGuess,4
74.0,525.201819396345,NoGuess,4
75.0,525.9299182468094,NoGuess,4
76.0,526.7059035259299,NoGuess,4
77.0,527.3538323643152,NoGuess,4
1.0,632.8818037281744,NoGuess_Perturbed,4
2.0,635.5298108423594,NoGuess_Perturbed,4
3.0,636.305826918222,NoGuess_Perturbed,4
4.0,637.0099195172079,NoGuess_Perturbed,4
5.0,637.8659779261798,NoGuess_Perturbed,4
6.0,638.5059146254789,NoGuess_Perturbed,4
7.0,639.2417945275083,NoGuess_Perturbed,4
8.0,640.0097408303991,NoGuess_Perturbed,4
9.0,640.7218384004664,NoGuess_Perturbed,4
10.0,641.4658474239986,NoGuess_Perturbed,4
11.0,642.2417884322349,NoGuess_Perturbed,4
12.0,643.0898694591597,NoGuess_Perturbed,4
13.0,643.8099325418007,NoGuess_Perturbed,4
14.0,644.5699011415709,NoGuess_Perturbed,4
15.0,645.329917220166,NoGuess_Perturbed,4
16.0,646.1224109677132,NoGuess_Perturbed,4
17.0,647.0500197613146,NoGuess_Perturbed,4
18.0,647.681784351822,NoGuess_Perturbed,4
19.0,648.4578889689874,NoGuess_Perturbed,4
20.0,649.2099356856197,NoGuess_Perturbed,4
21.0,650.0101245096885,NoGuess_Perturbed,4
22.0,650.8496510316618,NoGuess_Perturbed,4
23.0,651.6817862766329,NoGuess_Perturbed,4
24.0,652.4017887273803,NoGuess_Perturbed,4
25.0,653.4099958038423,NoGuess_Perturbed,4
26.0,654.0421905897092,NoGuess_Perturbed,4
27.0,654.8416941806208,NoGuess_Perturbed,4
28.0,655.5698340940289,NoGuess_Perturbed,4
29.0,656.4739768663421,NoGuess_Perturbed,4
30.0,657.1617929362692,NoGuess_Perturbed,4
31.0,657.8818268259056,NoGuess_Perturbed,4
32.0,658.6738063278608,NoGuess_Perturbed,4
33.0,659.5460090953857,NoGuess_Perturbed,4
34.0,660.4177463790402,NoGuess_Perturbed,4
35.0,662.0659225557465,NoGuess_Perturbed,4
36.0,662.8178431971464,NoGuess_Perturbed,4
37.0,663.5299953033682,NoGuess_Perturbed,4
38.0,664.3460102502722,NoGuess_Perturbed,4
39.0,665.1058842134662,NoGuess_Perturbed,4
40.0,665.8898882581852,NoGuess_Perturbed,4
41.0,666.6499293593224,NoGuess_Perturbed,4
42.0,667.3859610005748,NoGuess_Perturbed,4
43.0,668.1378976821434,NoGuess_Perturbed,4
44.0,668.8105212133378,NoGuess_Perturbed,4
45.0,669.5537821266335,NoGuess_Perturbed,4
46.0,671.0977477135602,NoGuess_Perturbed,4
47.0,671.7381867887452,NoGuess_Perturbed,4
48.0,672.5059730114881,NoGuess_Perturbed,4
49.0,673.625899047358,NoGuess_Perturbed,4
50.0,674.3857977124862,NoGuess_Perturbed,4
51.0,675.3939467237797,NoGuess_Perturbed,4
52.0,677.3778386160266,NoGuess_Perturbed,4
53.0,678.1782725327648,NoGuess_Perturbed,4
54.0,679.0418024193496,NoGuess_Perturbed,4
55.0,680.0018417239189,NoGuess_Perturbed,4
56.0,680.7136601961683,NoGuess_Perturbed,4
57.0,681.5700483897235,NoGuess_Perturbed,4
58.0,682.2579613421112,NoGuess_Perturbed,4
59.0,683.0017814130988,NoGuess_Perturbed,4
60.0,683.8658845727332,NoGuess_Perturbed,4
1.0,358.9319928730838,Guess,5
2.0,360.94777921633795,Guess,5
3.0,362.85194957768545,Guess,5
4.0,366.03568889643066,Guess,5
5.0,369.06784929241985,Guess,5
6.0,371.49216762022115,Guess,5
7.0,376.5638315686956,Guess,5
8.0,381.41981875966303,Guess,5
9.0,385.11569850775413,Guess,5
10.0,391.60430586803705,Guess,5
11.0,395.17208426306024,Guess,5
12.0,399.5398105599452,Guess,5
13.0,406.36380770104006,Guess,5
14.0,409.3880166995805,Guess,5
15.0,414.1479496904649,Guess,5
1.0,451.17183981207205,NoGuess,5
2.0,454.78814848512417,NoGuess,5
3.0,459.29999120999133,NoGuess,5
4.0,462.53978906618437,NoGuess,5
5.0,465.9157782590483,NoGuess,5
6.0,469.56393294199376,NoGuess,5
7.0,473.17180452379404,NoGuess,5
8.0,476.65192025620496,NoGuess,5
9.0,481.811838105321,NoGuess,5
10.0,486.3000098164194,NoGuess,5
11.0,493.73982223705394,NoGuess,5
12.0,499.4279340866488,NoGuess,5
1.0,561.1717778972816,NoGuess_Perturbed,5
2.0,563.7482651032042,NoGuess_Perturbed,5
3.0,566.4998973433394,NoGuess_Perturbed,5
4.0,568.6118238619529,NoGuess_Perturbed,5
5.0,570.2039052506443,NoGuess_Perturbed,5
6.0,571.7081074353773,NoGuess_Perturbed,5
7.0,574.2197146916296,NoGuess_Perturbed,5
8.0,576.8118108373601,NoGuess_Perturbed,5
1.0,422.48630404641375,Guess,6
2.0,425.04625166609407,Guess,6
3.0,427.6862666409601,Guess,6
4.0,430.25441203342274,Guess,6
5.0,432.8781989210424,Guess,6
6.0,435.4302727773924,Guess,6
7.0,437.87835900095746,Guess,6
8.0,440.55807995453,Guess,6
9.0,443.0622474931319,Guess,6
10.0,445.382295561782,Guess,6
11.0,447.4703104652603,Guess,6
12.0,449.51032954623446,Guess,6
13.0,451.27032220625773,Guess,6
14.0,453.24664188950777,Guess,6
15.0,455.27030905365467,Guess,6
16.0,457.2541467303549,Guess,6
17.0,459.34233294177324,Guess,6
18.0,461.4302095792395,Guess,6
19.0,464.14233634231135,Guess,6
20.0,466.47832826833695,Guess,6
21.0,468.78230063041195,Guess,6
22.0,471.0307351172109,Guess,6
23.0,473.3262508188513,Guess,6
24.0,476.03841062478244,Guess,6
25.0,478.91031665011764,Guess,6
1.0,517.3660982137774,NoGuess,6
2.0,519.8222468326096,NoGuess,6
3.0,522.6462096477155,NoGuess,6
4.0,525.1902804577951,NoGuess,6
5.0,527.8861579600018,NoGuess,6
6.0,530.8382837221254,NoGuess,6
7.0,533.6541568747018,NoGuess,6
8.0,536.6702361100581,NoGuess,6
9.0,539.8940657282476,NoGuess,6
10.0,542.9264513271157,NoGuess,6
11.0,546.0942621872057,NoGuess,6
12.0,548.8539879404236,NoGuess,6
13.0,551.6782529510785,NoGuess,6
14.0,554.710142589942,NoGuess,6
15.0,557.3662387252082,NoGuess,6
16.0,560.3182281463635,NoGuess,6
17.0,562.8863145116013,NoGuess,6
18.0,565.9261728709791,NoGuess,6
19.0,568.5661997155514,NoGuess,6
20.0,571.3823060908583,NoGuess,6
21.0,573.950328295887,NoGuess,6
1.0,635.5021301661667,NoGuess_Perturbed,6
2.0,636.3260910566945,NoGuess_Perturbed,6
3.0,637.3582870615695,NoGuess_Perturbed,6
4.0,638.5819906042938,NoGuess_Perturbed,6
5.0,639.7581965308685,NoGuess_Perturbed,6
6.0,640.8381496812266,NoGuess_Perturbed,6
7.0,642.0305769587916,NoGuess_Perturbed,6
8.0,642.9901985791561,NoGuess_Perturbed,6
9.0,643.8780725216542,NoGuess_Perturbed,6
10.0,644.886224741121,NoGuess_Perturbed,6
11.0,645.8221942749855,NoGuess_Perturbed,6
12.0,646.7502791388009,NoGuess_Perturbed,6
13.0,647.7423158721116,NoGuess_Perturbed,6
14.0,648.8783278800596,NoGuess_Perturbed,6
15.0,649.7422574861024,NoGuess_Perturbed,6
16.0,650.5904318662409,NoGuess_Perturbed,6
17.0,651.4702142211657,NoGuess_Perturbed,6
18.0,652.3740551192362,NoGuess_Perturbed,6
19.0,653.1981026260231,NoGuess_Perturbed,6
20.0,654.1181398518432,NoGuess_Perturbed,6
21.0,654.9501804602381,NoGuess_Perturbed,6
22.0,655.7422680724461,NoGuess_Perturbed,6
23.0,656.5580680817415,NoGuess_Perturbed,6
24.0,657.3423297307503,NoGuess_Perturbed,6
25.0,658.118204332893,NoGuess_Perturbed,6
26.0,658.8539754832212,NoGuess_Perturbed,6
27.0,659.566212281124,NoGuess_Perturbed,6
28.0,660.4140844661791,NoGuess_Perturbed,6
29.0,661.214065089361,NoGuess_Perturbed,6
30.0,662.038242521235,NoGuess_Perturbed,6
31.0,662.8861256134745,NoGuess_Perturbed,6
32.0,663.6863044924152,NoGuess_Perturbed,6
33.0,664.4302862477538,NoGuess_Perturbed,6
34.0,665.1182088241961,NoGuess_Perturbed,6
35.0,665.8861589767088,NoGuess_Perturbed,6
36.0,666.6303688222591,NoGuess_Perturbed,6
37.0,667.4062280259144,NoGuess_Perturbed,6
38.0,668.1259491336581,NoGuess_Perturbed,6
39.0,668.9822449362886,NoGuess_Perturbed,6
40.0,669.7982361437802,NoGuess_Perturbed,6
41.0,670.5422134078157,NoGuess_Perturbed,6
42.0,671.2781282770496,NoGuess_Perturbed,6
43.0,671.9662843975287,NoGuess_Perturbed,6
44.0,672.7659471062992,NoGuess_Perturbed,6
45.0,673.4782198341612,NoGuess_Perturbed,6
46.0,674.2142386431855,NoGuess_Perturbed,6
47.0,674.9021990741652,NoGuess_Perturbed,6
48.0,675.7261788919617,NoGuess_Perturbed,6
49.0,676.4140690676917,NoGuess_Perturbed,6
50.0,677.1502174804967,NoGuess_Perturbed,6
51.0,677.7902690270033,NoGuess_Perturbed,6
52.0,678.4702321863782,NoGuess_Perturbed,6
53.0,679.3022314114545,NoGuess_Perturbed,6
54.0,680.0541931153324,NoGuess_Perturbed,6
55.0,680.7501392690514,NoGuess_Perturbed,6
56.0,681.4381779758309,NoGuess_Perturbed,6
57.0,682.1101422589321,NoGuess_Perturbed,6
58.0,682.9502484700691,NoGuess_Perturbed,6
59.0,683.5501972059768,NoGuess_Perturbed,6
60.0,684.118280683649,NoGuess_Perturbed,6
1.0,364.2312847352587,Guess,7
2.0,367.7433744776063,Guess,7
3.0,390.99931733356794,Guess,7
4.0,392.20757297938695,Guess,7
5.0,395.0473596719094,Guess,7
6.0,396.2312651663088,Guess,7
7.0,398.0153420330026,Guess,7
8.0,399.35943517088896,Guess,7
9.0,400.5754147651606,Guess,7
10.0,402.0074076382444,Guess,7
11.0,403.2957351310179,Guess,7
12.0,405.9592167688534,Guess,7
13.0,407.59126398572704,Guess,7
14.0,408.8956713555381,Guess,7
15.0,410.23938819253823,Guess,7
16.0,411.4953605625779,Guess,7
17.0,412.9512448403985,Guess,7
18.0,414.19126372877514,Guess,7
19.0,415.6312811421231,Guess,7
20.0,417.13535500597214,Guess,7
21.0,418.6473712851294,Guess,7
22.0,419.9912645630539,Guess,7
23.0,421.2312343693339,Guess,7
1.0,453.08727898355573,NoGuess,7
2.0,454.2072605183348,NoGuess,7
3.0,455.2794274841435,NoGuess,7
4.0,456.3192672370933,NoGuess,7
5.0,457.4875455060974,NoGuess,7
6.0,458.59939342783764,NoGuess,7
7.0,459.6474431445822,NoGuess,7
8.0,461.03926872555166,NoGuess,7
9.0,462.10331298597157,NoGuess,7
10.0,463.27929563447833,NoGuess,7
11.0,464.41512959776446,NoGuess,7
12.0,465.3834728607908,NoGuess,7
13.0,466.31955275079235,NoGuess,7
14.0,467.39143709046766,NoGuess,7
15.0,468.39126674458385,NoGuess,7
16.0,469.36742698866874,NoGuess,7
17.0,470.5273291184567,NoGuess,7
18.0,471.70337913557887,NoGuess,7
19.0,472.77543189562857,NoGuess,7
20.0,473.83909440180287,NoGuess,7
21.0,475.05550130456686,NoGuess,7
22.0,476.1594170774333,NoGuess,7
23.0,477.055225093849,NoGuess,7
24.0,478.0873659211211,NoGuess,7
25.0,481.5112681686878,NoGuess,7
26.0,482.47126576909795,NoGuess,7
27.0,483.64778030710295,NoGuess,7
28.0,484.967354551889,NoGuess,7
29.0,486.5513587887399,NoGuess,7
30.0,487.9354443815537,NoGuess,7
31.0,489.2715716860257,NoGuess,7
32.0,490.51925742067397,NoGuess,7
33.0,491.759275667835,NoGuess,7
34.0,493.0553357708268,NoGuess,7
35.0,494.64711913466454,NoGuess,7
36.0,496.16723020887,NoGuess,7
37.0,497.7678070748225,NoGuess,7
38.0,499.1592704709619,NoGuess,7
39.0,500.54346898570657,NoGuess,7
40.0,501.99122831225395,NoGuess,7
41.0,503.1272675888613,NoGuess,7
42.0,504.4396513784304,NoGuess,7
43.0,505.8232070058584,NoGuess,7
44.0,507.0713505251333,NoGuess,7
45.0,508.43125053728,NoGuess,7
46.0,510.0796374808997,NoGuess,7
47.0,511.2793613988906,NoGuess,7
1.0,585.0231253295206,NoGuess_Perturbed,7
2.0,589.3512386805378,NoGuess_Perturbed,7
3.0,589.7912888154387,NoGuess_Perturbed,7
4.0,594.8633685233071,NoGuess_Perturbed,7
5.0,595.151232777629,NoGuess_Perturbed,7
6.0,598.5033279997297,NoGuess_Perturbed,7
7.0,598.7752663618885,NoGuess_Perturbed,7
8.0,599.0153542230837,NoGuess_Perturbed,7
9.0,599.2715633451007,NoGuess_Perturbed,7
10.0,599.5353052173741,NoGuess_Perturbed,7
11.0,600.9752106708474,NoGuess_Perturbed,7
12.0,601.263238855172,NoGuess_Perturbed,7
13.0,601.5514248739928,NoGuess_Perturbed,7
14.0,601.9354167925194,NoGuess_Perturbed,7
15.0,602.3514975677244,NoGuess_Perturbed,7
16.0,602.7991722025909,NoGuess_Perturbed,7
17.0,603.3994019608945,NoGuess_Perturbed,7
18.0,603.9354578549974,NoGuess_Perturbed,7
19.0,604.6312195481732,NoGuess_Perturbed,7
20.0,605.1274125911295,NoGuess_Perturbed,7
21.0,605.6314222947694,NoGuess_Perturbed,7
22.0,606.0712693622336,NoGuess_Perturbed,7
23.0,606.4233225588687,NoGuess_Perturbed,7
24.0,607.7193027818576,NoGuess_Perturbed,7
25.0,608.1031888355501,NoGuess_Perturbed,7
26.0,608.9752831719816,NoGuess_Perturbed,7
27.0,609.4152216678485,NoGuess_Perturbed,7
28.0,610.2312321234494,NoGuess_Perturbed,7
29.0,610.6632192218676,NoGuess_Perturbed,7
30.0,611.0232895803638,NoGuess_Perturbed,7
31.0,611.3912356267683,NoGuess_Perturbed,7
32.0,611.8312129392289,NoGuess_Perturbed,7
33.0,612.2232101499103,NoGuess_Perturbed,7
34.0,612.5915129277855,NoGuess_Perturbed,7
35.0,613.57539487537,NoGuess_Perturbed,7
36.0,613.8390456400812,NoGuess_Perturbed,7
37.0,615.9914018660784,NoGuess_Perturbed,7
38.0,616.3674160814844,NoGuess_Perturbed,7
39.0,616.7433853847906,NoGuess_Perturbed,7
40.0,617.1275123604573,NoGuess_Perturbed,7
41.0,617.5355855985545,NoGuess_Perturbed,7
42.0,617.8954233750701,NoGuess_Perturbed,7
43.0,620.3193339640275,NoGuess_Perturbed,7
44.0,620.7193756038323,NoGuess_Perturbed,7
45.0,621.095158521086,NoGuess_Perturbed,7
46.0,621.5032198894769,NoGuess_Perturbed,7
47.0,622.9192737173289,NoGuess_Perturbed,7
48.0,623.2872614678927,NoGuess_Perturbed,7
49.0,623.6953715980053,NoGuess_Perturbed,7
50.0,624.0953975184821,NoGuess_Perturbed,7
51.0,624.4711897391826,NoGuess_Perturbed,7
52.0,624.8393218503334,NoGuess_Perturbed,7
53.0,625.1672533066012,NoGuess_Perturbed,7
54.0,625.4953669784591,NoGuess_Perturbed,7
55.0,628.807675700169,NoGuess_Perturbed,7
56.0,629.1273400899954,NoGuess_Perturbed,7
57.0,629.4632194144651,NoGuess_Perturbed,7
58.0,629.7432070188224,NoGuess_Perturbed,7
59.0,629.9992300756276,NoGuess_Perturbed,7
1.0,411.57791862450546,Guess,8
2.0,416.59364914847544,Guess,8
3.0,422.61778436275205,Guess,8
4.0,424.76165730180225,Guess,8
5.0,430.5697083403357,Guess,8
6.0,434.00159727316355,Guess,8
7.0,438.70595710026106,Guess,8
8.0,440.42575776670134,Guess,8
9.0,444.057872673031,Guess,8
10.0,445.3936050701887,Guess,8
11.0,448.0176999275573,Guess,8
12.0,451.03403355879715,Guess,8
13.0,453.969830501359,Guess,8
14.0,455.94586274586624,Guess,8
15.0,458.09766206005594,Guess,8
16.0,461.0417247856968,Guess,8
17.0,463.76163933705544,Guess,8
1.0,516.7856888966635,NoGuess,8
2.0,530.713522892911,NoGuess,8
3.0,544.577657812275,NoGuess,8
4.0,561.4575020819902,NoGuess,8
1.0,658.0415233219974,NoGuess_Perturbed,8
2.0,658.9776731468737,NoGuess_Perturbed,8
3.0,666.065582505893,NoGuess_Perturbed,8
4.0,674.0659985863604,NoGuess_Perturbed,8
5.0,682.5297312838957,NoGuess_Perturbed,8
6.0,688.5059184753336,NoGuess_Perturbed,8
7.0,692.8416377198882,NoGuess_Perturbed,8
1.0,712.61803682723,NoGuess_Perturbed,9
2.0,748.2900396065498,NoGuess_Perturbed,9
1.0,410.6556970211004,Guess,10
2.0,412.67171177540695,Guess,10
3.0,422.2878334209581,Guess,10
1.0,597.455219622077,NoGuess_Perturbed,10
2.0,598.3752112941161,NoGuess_Perturbed,10
3.0,599.3830141600497,NoGuess_Perturbed,10
4.0,600.3833038442112,NoGuess_Perturbed,10
5.0,601.6072348359316,NoGuess_Perturbed,10
6.0,603.5913115100279,NoGuess_Perturbed,10
7.0,605.0713175282158,NoGuess_Perturbed,10
8.0,606.3353802024662,NoGuess_Perturbed,10
9.0,607.6792096414879,NoGuess_Perturbed,10
10.0,609.0475159481443,NoGuess_Perturbed,10
11.0,610.7914021046176,NoGuess_Perturbed,10
12.0,612.2394607391484,NoGuess_Perturbed,10
13.0,613.4793814628661,NoGuess_Perturbed,10
14.0,614.7751955104336,NoGuess_Perturbed,10
15.0,616.0793696570486,NoGuess_Perturbed,10
1.0,470.4639110799661,Guess,11
2.0,474.1679071175648,Guess,11
3.0,475.52784402219265,Guess,11
4.0,476.9440418902567,Guess,11
5.0,478.46394219778165,Guess,11
6.0,480.28795602049365,Guess,11
7.0,481.6960388824126,Guess,11
8.0,483.3118823926678,Guess,11
9.0,484.799977111329,Guess,11
10.0,486.40005096018,Guess,11
11.0,487.91985759341776,Guess,11
12.0,489.592017886859,Guess,11
13.0,491.2799946783824,Guess,11
14.0,492.9119100460565,Guess,11
15.0,494.487883326762,Guess,11
16.0,495.93592175112724,Guess,11
17.0,497.43192295513734,Guess,11
18.0,498.58413674512565,Guess,11
19.0,500.48808254504263,Guess,11
20.0,502.2157794308631,Guess,11
21.0,503.8799966673149,Guess,11
22.0,505.6798072659193,Guess,11
23.0,507.3677481279491,Guess,11
24.0,508.8318882441862,Guess,11
25.0,510.3920504801689,Guess,11
26.0,511.98424607438653,Guess,11
27.0,513.5439960799894,Guess,11
28.0,515.2080298179543,Guess,11
29.0,516.6878840966864,Guess,11
30.0,518.2799378965764,Guess,11
31.0,519.9441208077377,Guess,11
32.0,521.4959591954729,Guess,11
33.0,523.0078647971867,Guess,11
34.0,524.5598908543369,Guess,11
35.0,526.304048088078,Guess,11
36.0,527.9521257785863,Guess,11
1.0,564.3439974935472,NoGuess,11
2.0,566.1360514216803,NoGuess,11
3.0,568.5760341879659,NoGuess,11
4.0,570.5678572670304,NoGuess,11
5.0,572.5279203110122,NoGuess,11
6.0,574.4079195281238,NoGuess,11
7.0,576.368096457024,NoGuess,11
8.0,578.2400095399216,NoGuess,11
9.0,581.3198779985987,NoGuess,11
10.0,583.6799589434386,NoGuess,11
11.0,585.6078699321233,NoGuess,11
12.0,587.2879922093571,NoGuess,11
13.0,589.2399460213937,NoGuess,11
14.0,591.54391613805,NoGuess,11
15.0,595.9840490400538,NoGuess,11
16.0,598.0721098176882,NoGuess,11
17.0,599.8079938899473,NoGuess,11
18.0,601.5763646142304,NoGuess,11
19.0,603.5839297656648,NoGuess,11
20.0,605.479973251161,NoGuess,11
21.0,607.2399011092939,NoGuess,11
22.0,609.2237763196908,NoGuess,11
23.0,611.7439724068836,NoGuess,11
24.0,614.0719494169325,NoGuess,11
25.0,615.8957643422045,NoGuess,11
26.0,617.8562492408537,NoGuess,11
27.0,620.3121168368243,NoGuess,11
1.0,691.8159520684429,NoGuess_Perturbed,11
2.0,693.88786271379,NoGuess_Perturbed,11
3.0,695.1359609996588,NoGuess_Perturbed,11
4.0,696.4480397065789,NoGuess_Perturbed,11
5.0,698.1119563516849,NoGuess_Perturbed,11
6.0,699.7119365262487,NoGuess_Perturbed,11
7.0,701.7360380564504,NoGuess_Perturbed,11
8.0,703.5276951522254,NoGuess_Perturbed,11
9.0,705.0719443282732,NoGuess_Perturbed,11
10.0,706.727874288118,NoGuess_Perturbed,11
11.0,708.5520016749077,NoGuess_Perturbed,11
12.0,709.6799872180135,NoGuess_Perturbed,11
13.0,711.2319577762545,NoGuess_Perturbed,11
14.0,712.2637020920091,NoGuess_Perturbed,11
1.0,331.5923800552264,Guess,12
2.0,332.8321817610413,Guess,12
3.0,334.2001117672771,Guess,12
4.0,335.416514178738,Guess,12
5.0,336.70453113503754,Guess,12
6.0,337.90424093743786,Guess,12
7.0,339.04027091059834,Guess,12
8.0,340.04829513002187,Guess,12
9.0,340.8565867696889,Guess,12
10.0,341.60828060423955,Guess,12
11.0,342.3923109546304,Guess,12
12.0,343.6245202408172,Guess,12
13.0,345.3843444795348,Guess,12
14.0,346.71238051727414,Guess,12
15.0,347.9763508005999,Guess,12
16.0,349.0881907027215,Guess,12
17.0,350.38424855982885,Guess,12
18.0,351.77649407088757,Guess,12
19.0,353.1845721206628,Guess,12
20.0,354.2801213786006,Guess,12
21.0,355.58433466311544,Guess,12
22.0,356.88823324115947,Guess,12
23.0,358.22419854067266,Guess,12
24.0,359.32820381689817,Guess,12
25.0,360.9201761330478,Guess,12
26.0,362.3923741527833,Guess,12
27.0,363.6641588509083,Guess,12
28.0,365.04019680572674,Guess,12
29.0,366.2965964837931,Guess,12
30.0,367.72017696732655,Guess,12
31.0,368.88818608317524,Guess,12
32.0,370.3447504611686,Guess,12
33.0,371.6323458836414,Guess,12
34.0,373.0322386715561,Guess,12
35.0,374.3682248229161,Guess,12
36.0,375.48817556072026,Guess,12
37.0,376.69621498603374,Guess,12
38.0,378.07216311618686,Guess,12
39.0,379.44828223390505,Guess,12
40.0,380.6644164547324,Guess,12
41.0,381.88016539253294,Guess,12
42.0,383.0482136462815,Guess,12
43.0,384.38432330684736,Guess,12
44.0,385.47241488145664,Guess,12
45.0,386.6722571752034,Guess,12
46.0,387.89623532490805,Guess,12
47.0,389.0562988179736,Guess,12
48.0,390.16821924131364,Guess,12
1.0,436.296216333285,NoGuess,12
2.0,437.5523478211835,NoGuess,12
3.0,438.5443306597881,NoGuess,12
4.0,439.36839548964053,NoGuess,12
5.0,440.1523687373847,NoGuess,12
6.0,441.20037610828876,NoGuess,12
7.0,442.2883845954202,NoGuess,12
8.0,443.3601524834521,NoGuess,12
9.0,444.44016819028184,NoGuess,12
10.0,445.3601864888333,NoGuess,12
11.0,446.2164781205356,NoGuess,12
12.0,447.16823111101985,NoGuess,12
13.0,448.1843183664605,NoGuess,12
14.0,449.3282913961448,NoGuess,12
15.0,450.22433327743784,NoGuess,12
16.0,451.18419132893905,NoGuess,12
17.0,452.2081780117005,NoGuess,12
18.0,453.3125342456624,NoGuess,12
19.0,454.36804164526984,NoGuess,12
20.0,455.3762192078866,NoGuess,12
21.0,456.76018610363826,NoGuess,12
22.0,458.3443667818792,NoGuess,12
23.0,459.7443888531998,NoGuess,12
24.0,461.1681791408919,NoGuess,12
25.0,462.3202530615963,NoGuess,12
26.0,463.94433540757746,NoGuess,12
27.0,465.23231226345524,NoGuess,12
28.0,466.8801522399299,NoGuess,12
29.0,468.8484845957719,NoGuess,12
30.0,470.64797503408045,NoGuess,12
31.0,471.6325980341062,NoGuess,12
32.0,472.9683506418951,NoGuess,12
33.0,474.88795863464475,NoGuess,12
34.0,478.88817132636905,NoGuess,12
35.0,481.6562834838405,NoGuess,12
36.0,482.7681371802464,NoGuess,12
37.0,483.7602836275473,NoGuess,12
38.0,485.1922630267218,NoGuess,12
39.0,488.7924972763285,NoGuess,12
40.0,491.00015334319323,NoGuess,12
41.0,493.22430119710043,NoGuess,12
1.0,554.1124064386822,NoGuess_Perturbed,12
2.0,554.8481994029135,NoGuess_Perturbed,12
3.0,555.7924889358692,NoGuess_Perturbed,12
4.0,557.016394583974,NoGuess_Perturbed,12
5.0,558.1522157154977,NoGuess_Perturbed,12
6.0,559.3603683835827,NoGuess_Perturbed,12
7.0,560.7443718509749,NoGuess_Perturbed,12
8.0,561.9441564003937,NoGuess_Perturbed,12
9.0,562.9765750416555,NoGuess_Perturbed,12
10.0,564.1922668768093,NoGuess_Perturbed,12
11.0,566.2562899640761,NoGuess_Perturbed,12
12.0,567.6562068122439,NoGuess_Perturbed,12
13.0,569.1201874897815,NoGuess_Perturbed,12
14.0,570.5521444329061,NoGuess_Perturbed,12
15.0,571.6883129929192,NoGuess_Perturbed,12
16.0,573.2801890680566,NoGuess_Perturbed,12
17.0,574.936000331305,NoGuess_Perturbed,12
18.0,576.4803512012586,NoGuess_Perturbed,12
19.0,577.7201503408141,NoGuess_Perturbed,12
20.0,579.944357864093,NoGuess_Perturbed,12
21.0,580.8723387876526,NoGuess_Perturbed,12
22.0,581.6321915779263,NoGuess_Perturbed,12
23.0,582.7121739210561,NoGuess_Perturbed,12
24.0,583.7282310212031,NoGuess_Perturbed,12
25.0,585.1683982489631,NoGuess_Perturbed,12
26.0,586.4642950636335,NoGuess_Perturbed,12
27.0,587.6242841309868,NoGuess_Perturbed,12
28.0,588.8881848002784,NoGuess_Perturbed,12
29.0,590.0962255084887,NoGuess_Perturbed,12
30.0,591.6643497282639,NoGuess_Perturbed,12
31.0,592.3121326020919,NoGuess_Perturbed,12
32.0,593.0722814924084,NoGuess_Perturbed,12
33.0,593.9281503073871,NoGuess_Perturbed,12
34.0,594.9602237660438,NoGuess_Perturbed,12
35.0,595.9043641258031,NoGuess_Perturbed,12
36.0,597.0803871955723,NoGuess_Perturbed,12
37.0,598.3122506570071,NoGuess_Perturbed,12
38.0,599.6321662347764,NoGuess_Perturbed,12
39.0,600.0326881152578,NoGuess_Perturbed,12
40.0,600.4642588132992,NoGuess_Perturbed,12
41.0,602.3604039927013,NoGuess_Perturbed,12
42.0,603.8081562616862,NoGuess_Perturbed,12
43.0,604.9200831009075,NoGuess_Perturbed,12
44.0,606.1842904570512,NoGuess_Perturbed,12
45.0,607.1680428003892,NoGuess_Perturbed,12
46.0,608.0642203809693,NoGuess_Perturbed,12
47.0,608.6400932511315,NoGuess_Perturbed,12
48.0,609.0640497142449,NoGuess_Perturbed,12
49.0,609.4881399520673,NoGuess_Perturbed,12
50.0,610.1843369733542,NoGuess_Perturbed,12
1.0,729.9513824715332,Guess,13
2.0,732.0475107764878,Guess,13
3.0,737.44760117848,Guess,13
4.0,739.4155431187764,Guess,13
5.0,741.6954771488026,Guess,13
6.0,743.9753912895039,Guess,13
7.0,753.5275309102663,Guess,13
8.0,763.8798571092129,Guess,13
9.0,772.2795445842721,Guess,13
1.0,624.6982286600396,Guess,14
2.0,627.4906216762029,Guess,14
3.0,629.1223647724837,Guess,14
4.0,630.4908943576738,Guess,14
5.0,631.482381877955,Guess,14
6.0,632.8506044554524,Guess,14
7.0,633.9224977772683,Guess,14
8.0,635.1143562728539,Guess,14
9.0,636.2984196017496,Guess,14
10.0,637.4823693665676,Guess,14
11.0,638.5943212280981,Guess,14
12.0,640.0743987853639,Guess,14
13.0,641.0184153155424,Guess,14
14.0,642.3624593708664,Guess,14
15.0,643.426435300149,Guess,14
16.0,644.6903603505343,Guess,14
17.0,645.818488009274,Guess,14
18.0,646.9705250374973,Guess,14
19.0,648.034464395605,Guess,14
20.0,649.0743118482642,Guess,14
21.0,650.2743062018417,Guess,14
22.0,652.3223145352677,Guess,14
23.0,653.5063547664322,Guess,14
24.0,654.8741891733371,Guess,14
25.0,656.162472716067,Guess,14
26.0,657.3623573556542,Guess,14
27.0,659.2823095689528,Guess,14
28.0,660.4824983291328,Guess,14
29.0,661.6422416619025,Guess,14
30.0,662.946424790658,Guess,14
31.0,664.3224855223671,Guess,14
32.0,665.4341707979329,Guess,14
33.0,666.7307018381543,Guess,14
34.0,667.8743207021616,Guess,14
35.0,668.8904923284426,Guess,14
36.0,669.9704595939256,Guess,14
37.0,671.202116779983,Guess,14
38.0,672.2585111968219,Guess,14
39.0,673.3942710547708,Guess,14
40.0,674.3784179845825,Guess,14
41.0,675.7304086252116,Guess,14
42.0,676.9466519188136,Guess,14
43.0,678.2904293872416,Guess,14
1.0,770.1143091139384,NoGuess,14
2.0,774.138421872165,NoGuess,14
1.0,908.90642624069,NoGuess_Perturbed,14
2.0,910.3305321973749,NoGuess_Perturbed,14
3.0,911.5705366502516,NoGuess_Perturbed,14
4.0,913.9142855675891,NoGuess_Perturbed,14
5.0,916.178298517596,NoGuess_Perturbed,14
6.0,918.7544187260792,NoGuess_Perturbed,14
7.0,934.0345917539671,NoGuess_Perturbed,14
8.0,934.6743218568154,NoGuess_Perturbed,14
9.0,935.4503456321545,NoGuess_Perturbed,14
10.0,936.3143256036565,NoGuess_Perturbed,14
11.0,937.0825169994496,NoGuess_Perturbed,14
12.0,937.9782483442686,NoGuess_Perturbed,14
13.0,938.8024668386206,NoGuess_Perturbed,14
14.0,939.5784200374037,NoGuess_Perturbed,14
15.0,940.5624280599877,NoGuess_Perturbed,14
16.0,941.3705589780584,NoGuess_Perturbed,14
17.0,942.2743392442353,NoGuess_Perturbed,14
18.0,943.170460684225,NoGuess_Perturbed,14
19.0,944.0982087058946,NoGuess_Perturbed,14
20.0,944.9702937388793,NoGuess_Perturbed,14
21.0,945.9626499908045,NoGuess_Perturbed,14
22.0,946.8425751030445,NoGuess_Perturbed,14
23.0,947.6743010045029,NoGuess_Perturbed,14
24.0,948.7704459917732,NoGuess_Perturbed,14
25.0,949.6664278828539,NoGuess_Perturbed,14
26.0,950.6266801999882,NoGuess_Perturbed,14
27.0,951.5705340839922,NoGuess_Perturbed,14
28.0,952.522476668004,NoGuess_Perturbed,14
29.0,953.5307039548643,NoGuess_Perturbed,14
30.0,954.4103246256709,NoGuess_Perturbed,14
31.0,955.3940769694746,NoGuess_Perturbed,14
32.0,956.6342052514665,NoGuess_Perturbed,14
33.0,957.4982853136025,NoGuess_Perturbed,14
34.0,958.3943057009019,NoGuess_Perturbed,14
1.0,351.52704135887325,Guess,15
2.0,353.2468118700199,Guess,15
3.0,355.0789833655581,Guess,15
4.0,357.543133105617,Guess,15
5.0,359.2791217593476,Guess,15
6.0,361.07091904617846,Guess,15
7.0,362.88724388740957,Guess,15
8.0,364.85514572728425,Guess,15
9.0,366.7909295167774,Guess,15
10.0,368.7430049129762,Guess,15
11.0,370.59908289136365,Guess,15
12.0,372.67897156020626,Guess,15
13.0,374.70316676422954,Guess,15
14.0,376.446958925575,Guess,15
15.0,378.1192051935941,Guess,15
16.0,379.47105628531426,Guess,15
17.0,380.9829121627845,Guess,15
18.0,382.32726900000125,Guess,15
19.0,383.9268651744351,Guess,15
20.0,385.4711470720358,Guess,15
21.0,387.10301816882566,Guess,15
22.0,388.6391776818782,Guess,15
23.0,390.3671562317759,Guess,15
24.0,391.8630968038924,Guess,15
25.0,393.74289102852345,Guess,15
26.0,395.4309008629061,Guess,15
27.0,397.1671169656329,Guess,15
28.0,399.5591456145048,Guess,15
29.0,401.50308194430545,Guess,15
30.0,403.41514307120815,Guess,15
31.0,405.1350601888262,Guess,15
32.0,407.03926006378606,Guess,15
33.0,408.6630870513618,Guess,15
1.0,436.97500311164185,NoGuess,15
2.0,438.49516230635345,NoGuess,15
3.0,440.00698802853003,NoGuess,15
4.0,441.7108679357916,NoGuess,15
5.0,443.2549040992744,NoGuess,15
6.0,444.83897474221885,NoGuess,15
7.0,446.3111156593077,NoGuess,15
8.0,447.8631587186828,NoGuess,15
9.0,449.61527921957895,NoGuess,15
10.0,455.0549434297718,NoGuess,15
11.0,462.0548317907378,NoGuess,15
12.0,463.9510491504334,NoGuess,15
13.0,465.71874009491876,NoGuess,15
14.0,467.5030591674149,NoGuess,15
15.0,469.31099792476743,NoGuess,15
16.0,470.95113159669563,NoGuess,15
17.0,472.69507100619376,NoGuess,15
18.0,474.2393644526601,NoGuess,15
19.0,476.03901112126186,NoGuess,15
20.0,477.8229577424936,NoGuess,15
21.0,479.8789918990806,NoGuess,15
22.0,481.6870708470233,NoGuess,15
23.0,483.4393626563251,NoGuess,15
24.0,485.40713713737205,NoGuess,15
25.0,487.4951337547973,NoGuess,15
26.0,489.5190437659621,NoGuess,15
27.0,491.6630398933776,NoGuess,15
28.0,493.53508322220296,NoGuess,15
29.0,495.42308259848505,NoGuess,15
1.0,549.3989210790023,NoGuess_Perturbed,15
2.0,550.9108905205503,NoGuess_Perturbed,15
3.0,552.2147329580039,NoGuess_Perturbed,15
4.0,553.6072582085617,NoGuess_Perturbed,15
5.0,554.9432706655934,NoGuess_Perturbed,15
6.0,556.4309169035405,NoGuess_Perturbed,15
7.0,557.9190459479578,NoGuess_Perturbed,15
8.0,559.5351092074998,NoGuess_Perturbed,15
9.0,561.2709259116091,NoGuess_Perturbed,15
10.0,562.7910087555647,NoGuess_Perturbed,15
11.0,564.5990565856919,NoGuess_Perturbed,15
12.0,566.3029916705564,NoGuess_Perturbed,15
13.0,568.0951145710424,NoGuess_Perturbed,15
14.0,569.6951172016561,NoGuess_Perturbed,15
15.0,571.1513120159507,NoGuess_Perturbed,15
16.0,572.6551719051786,NoGuess_Perturbed,15
17.0,574.215080707334,NoGuess_Perturbed,15
18.0,575.8630627989769,NoGuess_Perturbed,15
19.0,577.6875889422372,NoGuess_Perturbed,15
20.0,579.3431634539738,NoGuess_Perturbed,15
21.0,580.9993968922645,NoGuess_Perturbed,15
22.0,582.8388666324317,NoGuess_Perturbed,15
23.0,584.8072756598704,NoGuess_Perturbed,15
24.0,599.0870242668316,NoGuess_Perturbed,15
25.0,601.0389245050028,NoGuess_Perturbed,15
26.0,603.2870516632684,NoGuess_Perturbed,15
27.0,605.0230460916646,NoGuess_Perturbed,15
1.0,403.0373987709172,Guess,16
2.0,404.28546850569546,Guess,16
3.0,405.293517105747,Guess,16
4.0,406.31725805439055,Guess,16
5.0,407.38946255436167,Guess,16
6.0,408.49339340487495,Guess,16
7.0,409.67739385645837,Guess,16
8.0,410.78957509156317,Guess,16
9.0,411.84564325306565,Guess,16
10.0,412.8533001537435,Guess,16
11.0,414.0534314904362,Guess,16
12.0,415.1254666065797,Guess,16
13.0,416.3651297260076,Guess,16
14.0,417.4293562020175,Guess,16
15.0,418.66145352786407,Guess,16
16.0,419.6852936046198,Guess,16
17.0,420.84537506243214,Guess,16
18.0,421.96527639683336,Guess,16
19.0,422.9894157811068,Guess,16
20.0,424.149438532535,Guess,16
21.0,425.237341475673,Guess,16
22.0,426.23737291432917,Guess,16
23.0,427.1973804598674,Guess,16
24.0,428.2615222437307,Guess,16
25.0,429.3415700304322,Guess,16
26.0,430.3733130628243,Guess,16
27.0,431.4932577055879,Guess,16
28.0,432.69340508198366,Guess,16
29.0,433.9174371259287,Guess,16
30.0,435.03739075083286,Guess,16
31.0,436.1413896116428,Guess,16
32.0,437.2533109970391,Guess,16
33.0,438.36521441768855,Guess,16
34.0,439.50151707232,Guess,16
35.0,440.4613488181494,Guess,16
36.0,441.4132554726675,Guess,16
37.0,442.56544135324657,Guess,16
38.0,443.8613240523264,Guess,16
39.0,444.88534153206274,Guess,16
40.0,445.83738003624603,Guess,16
41.0,446.90931506222114,Guess,16
42.0,447.97317454079166,Guess,16
43.0,449.20553171634674,Guess,16
44.0,450.41328851506114,Guess,16
45.0,451.44542228477076,Guess,16
46.0,452.5416032015346,Guess,16
47.0,453.53343109227717,Guess,16
48.0,454.4532899525948,Guess,16
49.0,455.5413933969103,Guess,16
50.0,456.5572358807549,Guess,16
51.0,457.5256169983186,Guess,16
52.0,458.54918214771897,Guess,16
53.0,459.5014452128671,Guess,16
54.0,460.3814052925445,Guess,16
55.0,461.3254972109571,Guess,16
1.0,514.6693045143038,NoGuess,16
2.0,523.0773222534917,NoGuess,16
3.0,526.8854188453406,NoGuess,16
4.0,533.0693111871369,NoGuess,16
5.0,538.7573701040819,NoGuess,16
6.0,544.1255618846044,NoGuess,16
7.0,545.6133037214167,NoGuess,16
8.0,549.7654632958584,NoGuess,16
9.0,551.9413699139841,NoGuess,16
10.0,553.8373562968336,NoGuess,16
11.0,556.41326253023,NoGuess,16
12.0,562.8775418745354,NoGuess,16
13.0,567.1894050021656,NoGuess,16
14.0,569.0532675604336,NoGuess,16
1.0,661.7334280125797,NoGuess_Perturbed,16
2.0,663.1174411037937,NoGuess_Perturbed,16
3.0,664.165357046295,NoGuess_Perturbed,16
4.0,665.0293549830094,NoGuess_Perturbed,16
5.0,665.8854409810156,NoGuess_Perturbed,16
6.0,666.6213564919308,NoGuess_Perturbed,16
7.0,667.4295470789075,NoGuess_Perturbed,16
8.0,668.2611366398633,NoGuess_Perturbed,16
9.0,669.0772263333201,NoGuess_Perturbed,16
10.0,669.8451986215077,NoGuess_Perturbed,16
11.0,670.8693931838498,NoGuess_Perturbed,16
12.0,671.8212430560961,NoGuess_Perturbed,16
13.0,672.7094663525932,NoGuess_Perturbed,16
14.0,673.6053933864459,NoGuess_Perturbed,16
15.0,674.4453834672458,NoGuess_Perturbed,16
16.0,675.3574648047797,NoGuess_Perturbed,16
17.0,676.3252120180987,NoGuess_Perturbed,16
18.0,677.1173737356439,NoGuess_Perturbed,16
19.0,677.9252188191749,NoGuess_Perturbed,16
20.0,678.8853684794158,NoGuess_Perturbed,16
21.0,679.8453307915479,NoGuess_Perturbed,16
22.0,680.7974116415717,NoGuess_Perturbed,16
23.0,682.0053875478916,NoGuess_Perturbed,16
24.0,682.8213704144582,NoGuess_Perturbed,16
25.0,684.0532396505587,NoGuess_Perturbed,16
26.0,684.9813399128616,NoGuess_Perturbed,16
27.0,685.8694076198153,NoGuess_Perturbed,16
28.0,686.813253483735,NoGuess_Perturbed,16
29.0,687.7332336069085,NoGuess_Perturbed,16
30.0,688.6852381057106,NoGuess_Perturbed,16
31.0,689.605370930396,NoGuess_Perturbed,16
32.0,690.4773789709434,NoGuess_Perturbed,16
33.0,691.4853261979297,NoGuess_Perturbed,16
34.0,692.5093128806911,NoGuess_Perturbed,16
35.0,693.5653938744217,NoGuess_Perturbed,16
36.0,694.6293534431607,NoGuess_Perturbed,16
37.0,695.781345879659,NoGuess_Perturbed,16
38.0,696.9014618303627,NoGuess_Perturbed,16
39.0,697.9251206535846,NoGuess_Perturbed,16
40.0,698.7732100212015,NoGuess_Perturbed,16
41.0,699.7492265463807,NoGuess_Perturbed,16
42.0,700.6933001796715,NoGuess_Perturbed,16
43.0,701.6052223993465,NoGuess_Perturbed,16
44.0,702.4774354323745,NoGuess_Perturbed,16
45.0,703.4375020051375,NoGuess_Perturbed,16
46.0,704.4453539536335,NoGuess_Perturbed,16
47.0,705.4132583597675,NoGuess_Perturbed,16
48.0,706.2534454129636,NoGuess_Perturbed,16
49.0,707.0374452872202,NoGuess_Perturbed,16
50.0,708.093260335736,NoGuess_Perturbed,16
51.0,709.1172409234568,NoGuess_Perturbed,16
52.0,710.0774130402133,NoGuess_Perturbed,16
53.0,710.8854595874436,NoGuess_Perturbed,16
54.0,711.7652252605185,NoGuess_Perturbed,16
55.0,712.6614031619392,NoGuess_Perturbed,16
56.0,713.5574097554199,NoGuess_Perturbed,16
57.0,714.7815075637773,NoGuess_Perturbed,16
58.0,715.669286869932,NoGuess_Perturbed,16
59.0,716.4932330036536,NoGuess_Perturbed,16
60.0,717.485391962342,NoGuess_Perturbed,16
61.0,718.3574083438143,NoGuess_Perturbed,16
1.0,353.7122480259277,Guess,17
2.0,354.6964536625892,Guess,17
3.0,355.90427301777527,Guess,17
4.0,357.0241201366298,Guess,17
5.0,358.11999821616337,Guess,17
6.0,359.2322904490866,Guess,17
7.0,360.41613723663613,Guess,17
8.0,361.81632869131863,Guess,17
9.0,364.16030601924285,Guess,17
10.0,367.02411307860166,Guess,17
11.0,370.2641184940003,Guess,17
12.0,378.1363517376594,Guess,17
13.0,378.78434858610854,Guess,17
14.0,380.0482707489282,Guess,17
15.0,380.8882598676719,Guess,17
16.0,381.7122951839119,Guess,17
17.0,383.28797749755904,Guess,17
18.0,384.616433464922,Guess,17
19.0,386.70415996713564,Guess,17
20.0,389.1601363150403,Guess,17
21.0,390.4642209582962,Guess,17
22.0,391.9441284900531,Guess,17
23.0,393.3202443998307,Guess,17
24.0,394.7203232529573,Guess,17
25.0,396.46422769501805,Guess,17
26.0,398.2882819385268,Guess,17
27.0,401.37633758364245,Guess,17
28.0,407.3041757508181,Guess,17
1.0,456.20034274505446,NoGuess,17
2.0,457.79225635435427,NoGuess,17
3.0,459.2162333489395,NoGuess,17
4.0,461.040436444804,NoGuess,17
5.0,467.76022042986,NoGuess,17
6.0,480.93632369954133,NoGuess,17
7.0,482.83999136416236,NoGuess,17
8.0,492.80823453748593,NoGuess,17
9.0,500.04825438838446,NoGuess,17
10.0,504.40811975440005,NoGuess,17
1.0,560.6241301461123,NoGuess_Perturbed,17
2.0,561.3361038863659,NoGuess_Perturbed,17
3.0,562.1921905260533,NoGuess_Perturbed,17
4.0,563.1925373128615,NoGuess_Perturbed,17
5.0,565.1200723219663,NoGuess_Perturbed,17
6.0,566.6962675983086,NoGuess_Perturbed,17
7.0,568.4719474739395,NoGuess_Perturbed,17
8.0,569.3522867411375,NoGuess_Perturbed,17
9.0,570.0961061706766,NoGuess_Perturbed,17
10.0,571.0160821233876,NoGuess_Perturbed,17
11.0,572.368245034013,NoGuess_Perturbed,17
12.0,573.3682514503598,NoGuess_Perturbed,17
13.0,574.2722861124203,NoGuess_Perturbed,17
14.0,575.1121279825456,NoGuess_Perturbed,17
15.0,576.2961021284573,NoGuess_Perturbed,17
16.0,579.7761161667295,NoGuess_Perturbed,17
17.0,582.4322180766612,NoGuess_Perturbed,17
18.0,583.4561697919853,NoGuess_Perturbed,17
19.0,584.2086248896085,NoGuess_Perturbed,17
20.0,585.2004855023697,NoGuess_Perturbed,17
21.0,586.1762392907403,NoGuess_Perturbed,17
22.0,587.0240848488174,NoGuess_Perturbed,17
23.0,587.9121734080836,NoGuess_Perturbed,17
24.0,589.8325186036527,NoGuess_Perturbed,17
25.0,591.42407740606,NoGuess_Perturbed,17
26.0,593.3682216154411,NoGuess_Perturbed,17
27.0,594.7043338422664,NoGuess_Perturbed,17
28.0,596.3283594064415,NoGuess_Perturbed,17
29.0,598.1121013560332,NoGuess_Perturbed,17
30.0,599.0800352757797,NoGuess_Perturbed,17
31.0,600.4320955304429,NoGuess_Perturbed,17
32.0,601.9762933775783,NoGuess_Perturbed,17
1.0,411.60237143188715,Guess,18
2.0,412.53856873558834,Guess,18
3.0,413.5304277446121,Guess,18
4.0,414.6185206025839,Guess,18
5.0,415.6984987752512,Guess,18
6.0,416.9784584697336,Guess,18
7.0,417.9545192653313,Guess,18
8.0,421.14659045264125,Guess,18
9.0,422.2185906013474,Guess,18
10.0,423.2345671802759,Guess,18
11.0,424.3946043676697,Guess,18
12.0,425.50657098647207,Guess,18
13.0,426.6586105809547,Guess,18
14.0,428.12265188992023,Guess,18
15.0,437.1945901243016,Guess,18
16.0,438.45058302534744,Guess,18
17.0,439.5867387531325,Guess,18
18.0,445.5624129823409,Guess,18
19.0,446.76246893033385,Guess,18
20.0,447.96241003088653,Guess,18
21.0,449.17853719415143,Guess,18
22.0,450.41043786890805,Guess,18
23.0,451.67450343072414,Guess,18
24.0,452.73046829365194,Guess,18
25.0,454.018508026842,Guess,18
26.0,456.0027114180848,Guess,18
27.0,456.9864737065509,Guess,18
28.0,458.12255212059245,Guess,18
29.0,459.18640389991924,Guess,18
1.0,533.4423955180682,NoGuess,18
2.0,534.6985331010073,NoGuess,18
3.0,536.5225299210288,NoGuess,18
4.0,538.3064637100324,NoGuess,18
5.0,544.7704421421513,NoGuess,18
6.0,549.4745392319746,NoGuess,18
7.0,551.2024279576726,NoGuess,18
8.0,553.1065412159078,NoGuess,18
9.0,568.0345898289233,NoGuess,18
10.0,575.9864958417602,NoGuess,18
11.0,576.8346041366458,NoGuess,18
12.0,577.6264928518794,NoGuess,18
13.0,586.7865249062888,NoGuess,18
14.0,588.2265513017774,NoGuess,18
15.0,589.6667567049153,NoGuess,18
16.0,590.842432346195,NoGuess,18
1.0,667.8265234562568,NoGuess_Perturbed,18
2.0,668.7785096694715,NoGuess_Perturbed,18
3.0,669.7945106294937,NoGuess_Perturbed,18
4.0,670.6504760058597,NoGuess_Perturbed,18
5.0,675.3944176607765,NoGuess_Perturbed,18
6.0,676.6904014130123,NoGuess_Perturbed,18
7.0,678.1944146454334,NoGuess_Perturbed,18
8.0,680.0904751331545,NoGuess_Perturbed,18
9.0,684.3786056535318,NoGuess_Perturbed,18
10.0,685.0585200507194,NoGuess_Perturbed,18
11.0,685.6585589316674,NoGuess_Perturbed,18
12.0,686.6185895749368,NoGuess_Perturbed,18
13.0,687.546415230725,NoGuess_Perturbed,18
14.0,693.6584290070459,NoGuess_Perturbed,18
15.0,694.6586728165857,NoGuess_Perturbed,18
16.0,695.7065579616465,NoGuess_Perturbed,18
17.0,700.0265989731997,NoGuess_Perturbed,18
1.0,477.06266994494945,Guess,19
2.0,480.31076341914013,Guess,19
3.0,482.40651991497725,Guess,19
4.0,486.24690201552585,Guess,19
5.0,487.48654332058504,Guess,19
6.0,488.54259993322194,Guess,19
7.0,489.6305779442191,Guess,19
8.0,495.3024167935364,Guess,19
9.0,498.4466541642323,Guess,19
10.0,501.262758935336,Guess,19
11.0,502.8307371903211,Guess,19
12.0,504.3586075017229,Guess,19
13.0,505.84669676655903,Guess,19
14.0,509.09452974935994,Guess,19
15.0,511.5425197328441,Guess,19
16.0,513.6145952697843,Guess,19
17.0,515.5987778087147,Guess,19
18.0,517.4387467168272,Guess,19
19.0,519.3907310049981,Guess,19
20.0,520.9345390782692,Guess,19
21.0,522.8224890511483,Guess,19
22.0,525.3187693525106,Guess,19
23.0,528.6467210194096,Guess,19
24.0,531.9504072261043,Guess,19
25.0,534.3186342949048,Guess,19
1.0,570.3987208986655,NoGuess,19
2.0,571.6225874088705,NoGuess,19
3.0,572.5904943817295,NoGuess,19
4.0,575.3505188007839,NoGuess,19
5.0,577.1745428894646,NoGuess,19
6.0,578.8945283377543,NoGuess,19
7.0,580.1024471414275,NoGuess,19
8.0,581.0625830073841,NoGuess,19
9.0,582.0066389963031,NoGuess,19
10.0,583.1827281513251,NoGuess,19
11.0,584.4787179986015,NoGuess,19
12.0,585.9106361246668,NoGuess,19
13.0,587.1265114583075,NoGuess,19
14.0,600.4308963720687,NoGuess,19
15.0,605.4306580163538,NoGuess,19
16.0,607.0545584675856,NoGuess,19
17.0,613.0706816529855,NoGuess,19
18.0,615.1985767302103,NoGuess,19
19.0,616.6706156316213,NoGuess,19
20.0,621.0786676965654,NoGuess,19
21.0,623.3266527396627,NoGuess,19
22.0,625.7666778517887,NoGuess,19
23.0,628.0389132769778,NoGuess,19
1.0,690.4067585919984,NoGuess_Perturbed,19
2.0,693.4385295342654,NoGuess_Perturbed,19
3.0,695.2302835122682,NoGuess_Perturbed,19
4.0,696.5347511926666,NoGuess_Perturbed,19
5.0,698.230641847942,NoGuess_Perturbed,19
6.0,699.7346133762039,NoGuess_Perturbed,19
7.0,701.4227053360082,NoGuess_Perturbed,19
8.0,706.238931691274,NoGuess_Perturbed,19
9.0,707.8385500013828,NoGuess_Perturbed,19
10.0,709.8947891499847,NoGuess_Perturbed,19
11.0,712.1983909863047,NoGuess_Perturbed,19
12.0,714.2065534712747,NoGuess_Perturbed,19
1.0,364.45276836291197,Guess,20
2.0,365.180485458898,Guess,20
3.0,366.13286305064577,Guess,20
4.0,367.01269416775796,Guess,20
5.0,367.95678961541745,Guess,20
6.0,368.87685410943124,Guess,20
7.0,369.8047493787879,Guess,20
8.0,370.6850238440955,Guess,20
9.0,371.604766574076,Guess,20
10.0,372.66876239314917,Guess,20
11.0,373.63691092966366,Guess,20
12.0,374.5327866355354,Guess,20
13.0,375.5168520816067,Guess,20
14.0,376.4926148525836,Guess,20
15.0,377.44470821352917,Guess,20
16.0,378.3886573755579,Guess,20
17.0,379.340784741419,Guess,20
18.0,380.3007172190981,Guess,20
19.0,381.16469302060324,Guess,20
20.0,382.116765850077,Guess,20
21.0,383.0766601523781,Guess,20
22.0,384.09280868092793,Guess,20
23.0,385.044688388093,Guess,20
24.0,386.35668079912904,Guess,20
25.0,387.30889895217734,Guess,20
26.0,388.13285342682394,Guess,20
27.0,389.03679890543464,Guess,20
28.0,389.94875513049084,Guess,20
29.0,390.9487833607407,Guess,20
30.0,391.8126985303523,Guess,20
31.0,392.7808050418669,Guess,20
32.0,393.7246890811646,Guess,20
33.0,394.5967330512056,Guess,20
34.0,395.54042845903206,Guess,20
35.0,396.51676738992575,Guess,20
36.0,397.3887686937513,Guess,20
37.0,398.38880879417303,Guess,20
38.0,399.2927616516525,Guess,20
39.0,400.18061538398507,Guess,20
40.0,401.18076391503456,Guess,20
41.0,402.1327738676617,Guess,20
42.0,403.0687828602666,Guess,20
43.0,404.0127827090608,Guess,20
44.0,404.93271727845314,Guess,20
45.0,405.7965852900805,Guess,20
46.0,406.73278227294105,Guess,20
47.0,407.59681228952724,Guess,20
48.0,408.5808228783706,Guess,20
49.0,409.436621117259,Guess,20
50.0,410.388746558542,Guess,20
51.0,411.28479164777565,Guess,20
52.0,412.2367496302748,Guess,20
53.0,413.1167340910459,Guess,20
54.0,414.01267684422675,Guess,20
55.0,414.8447658939684,Guess,20
56.0,415.7887420028845,Guess,20
57.0,416.63672486445176,Guess,20
58.0,417.5168106982881,Guess,20
59.0,418.39692829162124,Guess,20
60.0,419.308822922262,Guess,20
61.0,420.22064312672484,Guess,20
62.0,421.25298573807123,Guess,20
63.0,422.2366565981345,Guess,20
64.0,423.1727724176297,Guess,20
1.0,471.9887991671088,NoGuess,20
2.0,472.82881619526177,NoGuess,20
3.0,473.74889448355987,NoGuess,20
4.0,474.56480132021113,NoGuess,20
5.0,475.4130411439213,NoGuess,20
6.0,476.34892309900476,NoGuess,20
7.0,477.3488117808114,NoGuess,20
8.0,478.2848307185444,NoGuess,20
9.0,479.269005558231,NoGuess,20
10.0,480.3092748650919,NoGuess,20
11.0,481.2847665578696,NoGuess,20
12.0,482.24470833899557,NoGuess,20
13.0,483.3167530794266,NoGuess,20
14.0,484.3327620590675,NoGuess,20
15.0,485.3806314852658,NoGuess,20
16.0,486.49265135662733,NoGuess,20
17.0,487.6688495839584,NoGuess,20
18.0,488.86081843568115,NoGuess,20
19.0,490.0207523245002,NoGuess,20
20.0,494.5087273845087,NoGuess,20
21.0,496.05245365319877,NoGuess,20
22.0,497.87675523502855,NoGuess,20
23.0,500.35678306805073,NoGuess,20
24.0,501.59679008718683,NoGuess,20
25.0,502.72473264277085,NoGuess,20
26.0,503.7727833220373,NoGuess,20
27.0,504.8928553226973,NoGuess,20
28.0,506.00485947519644,NoGuess,20
29.0,507.2127625595416,NoGuess,20
30.0,508.58864813322305,NoGuess,20
31.0,509.74864361645757,NoGuess,20
32.0,510.9807271480198,NoGuess,20
33.0,512.0288974864046,NoGuess,20
34.0,513.1567203833359,NoGuess,20
35.0,514.2929890330519,NoGuess,20
36.0,515.516481488255,NoGuess,20
37.0,516.7728298383403,NoGuess,20
38.0,517.8687467349331,NoGuess,20
39.0,518.9647855365287,NoGuess,20
40.0,519.9646087747636,NoGuess,20
41.0,521.0606315361905,NoGuess,20
42.0,522.1406321653734,NoGuess,20
43.0,523.2846558813575,NoGuess,20
44.0,524.4130770738806,NoGuess,20
45.0,525.5970059868517,NoGuess,20
46.0,526.7967892529081,NoGuess,20
47.0,527.9248014229919,NoGuess,20
48.0,529.1808312165189,NoGuess,20
49.0,530.556768118647,NoGuess,20
1.0,583.276717359695,NoGuess_Perturbed,20
2.0,584.0927047175647,NoGuess_Perturbed,20
3.0,585.0206346339838,NoGuess_Perturbed,20
4.0,585.8925743438596,NoGuess_Perturbed,20
5.0,586.820601783722,NoGuess_Perturbed,20
6.0,587.7488290835464,NoGuess_Perturbed,20
7.0,589.0367664811494,NoGuess_Perturbed,20
8.0,589.9566753860855,NoGuess_Perturbed,20
9.0,590.9487034576306,NoGuess_Perturbed,20
10.0,591.8206030670846,NoGuess_Perturbed,20
11.0,592.8686389890792,NoGuess_Perturbed,20
12.0,593.8046742878215,NoGuess_Perturbed,20
13.0,594.7727339617269,NoGuess_Perturbed,20
14.0,595.7490385673301,NoGuess_Perturbed,20
15.0,596.7486138255628,NoGuess_Perturbed,20
16.0,597.7325528757939,NoGuess_Perturbed,20
17.0,598.7726467037866,NoGuess_Perturbed,20
18.0,599.7008669460484,NoGuess_Perturbed,20
19.0,600.6206160914445,NoGuess_Perturbed,20
20.0,601.5488372962283,NoGuess_Perturbed,20
21.0,602.556650427665,NoGuess_Perturbed,20
22.0,603.5406469013834,NoGuess_Perturbed,20
23.0,604.4606735408598,NoGuess_Perturbed,20
24.0,605.4124483457127,NoGuess_Perturbed,20
25.0,606.404823204066,NoGuess_Perturbed,20
26.0,607.404760968435,NoGuess_Perturbed,20
27.0,608.4527141233267,NoGuess_Perturbed,20
28.0,609.4528312161857,NoGuess_Perturbed,20
29.0,610.4128471021833,NoGuess_Perturbed,20
30.0,611.4767280747475,NoGuess_Perturbed,20
31.0,612.5326156243974,NoGuess_Perturbed,20
32.0,613.508772981848,NoGuess_Perturbed,20
33.0,614.5567444227928,NoGuess_Perturbed,20
34.0,615.6526362970764,NoGuess_Perturbed,20
35.0,616.6606784812467,NoGuess_Perturbed,20
36.0,617.700687938399,NoGuess_Perturbed,20
37.0,618.7647597878532,NoGuess_Perturbed,20
38.0,619.8367570494594,NoGuess_Perturbed,20
39.0,620.8527063601942,NoGuess_Perturbed,20
40.0,621.8847371521698,NoGuess_Perturbed,20
41.0,622.9725169074082,NoGuess_Perturbed,20
42.0,624.0288154045412,NoGuess_Perturbed,20
43.0,625.0687863654749,NoGuess_Perturbed,20
44.0,626.1247448125215,NoGuess_Perturbed,20
45.0,627.2287330869877,NoGuess_Perturbed,20
46.0,628.4047407578038,NoGuess_Perturbed,20
47.0,629.5486300578633,NoGuess_Perturbed,20
48.0,630.7407586686605,NoGuess_Perturbed,20
49.0,632.0686946162315,NoGuess_Perturbed,20
50.0,633.4047770086037,NoGuess_Perturbed,20
51.0,634.6525917053515,NoGuess_Perturbed,20
52.0,635.8844487509051,NoGuess_Perturbed,20
53.0,637.044740655023,NoGuess_Perturbed,20
54.0,638.268724258087,NoGuess_Perturbed,20
55.0,639.5247643175827,NoGuess_Perturbed,20
1.0,1081.8953544031826,Guess,21
2.0,1082.959120207466,Guess,21
3.0,1084.1032077632842,Guess,21
4.0,1085.1990579334085,Guess,21
5.0,1086.2392852148039,Guess,21
6.0,1087.2151015596462,Guess,21
7.0,1088.3352261721154,Guess,21
8.0,1089.3589501180684,Guess,21
9.0,1090.375171148218,Guess,21
10.0,1091.4313089237546,Guess,21
11.0,1092.423231772147,Guess,21
12.0,1093.4951616651376,Guess,21
13.0,1094.5511903678996,Guess,21
14.0,1095.583162773866,Guess,21
15.0,1096.6389929000286,Guess,21
16.0,1097.6552193840032,Guess,21
17.0,1098.6872206619007,Guess,21
18.0,1099.69520061044,Guess,21
19.0,1100.742947810795,Guess,21
20.0,1101.7671744534744,Guess,21
21.0,1102.7911675525827,Guess,21
22.0,1103.8390751536933,Guess,21
23.0,1104.895183094777,Guess,21
24.0,1105.8631243929265,Guess,21
25.0,1106.8710273490285,Guess,21
26.0,1107.9511072160674,Guess,21
27.0,1108.9991732938213,Guess,21
28.0,1109.9990199501624,Guess,21
29.0,1110.9830600530838,Guess,21
30.0,1111.9590335907412,Guess,21
31.0,1113.0152361681683,Guess,21
32.0,1113.991199119482,Guess,21
33.0,1115.0312056895343,Guess,21
34.0,1115.9672775594515,Guess,21
35.0,1117.0390014979055,Guess,21
36.0,1118.0951687870545,Guess,21
37.0,1119.087383565027,Guess,21
38.0,1120.0790391857734,Guess,21
39.0,1121.119233424775,Guess,21
40.0,1122.183102848008,Guess,21
41.0,1123.1670964346265,Guess,21
42.0,1124.183348582126,Guess,21
43.0,1125.1510624322107,Guess,21
44.0,1126.1431588344274,Guess,21
45.0,1127.2151143918743,Guess,21
46.0,1128.239042367786,Guess,21
47.0,1129.2790515045633,Guess,21
48.0,1130.223177748732,Guess,21
49.0,1131.1912800897842,Guess,21
50.0,1132.0951370275577,Guess,21
51.0,1133.1511346125042,Guess,21
52.0,1134.0952371177261,Guess,21
53.0,1135.1350332419386,Guess,21
54.0,1136.1830187980083,Guess,21
55.0,1137.2072287588378,Guess,21
56.0,1138.2069945735855,Guess,21
57.0,1139.2475092937236,Guess,21
58.0,1140.2712066131642,Guess,21
1.0,1202.3272603387013,NoGuess,21
2.0,1203.4873960120603,NoGuess,21
3.0,1211.1750003532507,NoGuess,21
4.0,1236.4391166013665,NoGuess,21
5.0,1237.695283377543,NoGuess,21
6.0,1238.9351848526858,NoGuess,21
7.0,1240.1752897165716,NoGuess,21
8.0,1241.4390200399794,NoGuess,21
9.0,1242.7191231329925,NoGuess,21
10.0,1243.9753053071909,NoGuess,21
11.0,1258.8709307876416,NoGuess,21
12.0,1259.935504692141,NoGuess,21
1.0,1315.5590310883708,NoGuess_Perturbed,21
2.0,1316.6711565037258,NoGuess_Perturbed,21
3.0,1317.6873040702194,NoGuess_Perturbed,21
4.0,1326.4552336912602,NoGuess_Perturbed,21
5.0,1327.367294818163,NoGuess_Perturbed,21
6.0,1328.3912702728994,NoGuess_Perturbed,21
7.0,1329.3351690690033,NoGuess_Perturbed,21
8.0,1330.2871947409585,NoGuess_Perturbed,21
9.0,1331.3111660252325,NoGuess_Perturbed,21
10.0,1332.2472770330496,NoGuess_Perturbed,21
11.0,1333.2389592798427,NoGuess_Perturbed,21
12.0,1334.263203566894,NoGuess_Perturbed,21
13.0,1335.2550843902864,NoGuess_Perturbed,21
14.0,1336.2789963260293,NoGuess_Perturbed,21
15.0,1337.3270980129018,NoGuess_Perturbed,21
16.0,1338.1910372427665,NoGuess_Perturbed,21
17.0,1339.143190272618,NoGuess_Perturbed,21
18.0,1340.1030704597943,NoGuess_Perturbed,21
19.0,1341.0791225936264,NoGuess_Perturbed,21
20.0,1342.1110430299304,NoGuess_Perturbed,21
21.0,1343.1433461825363,NoGuess_Perturbed,21
22.0,1344.1510300310329,NoGuess_Perturbed,21
23.0,1345.1271607615054,NoGuess_Perturbed,21
24.0,1346.1911357287318,NoGuess_Perturbed,21
25.0,1347.2311362037435,NoGuess_Perturbed,21
1.0,444.46079094382003,Guess,22
2.0,445.1408458519727,Guess,22
3.0,445.89285311009735,Guess,22
4.0,446.71692981012166,Guess,22
5.0,447.4207818075083,Guess,22
6.0,448.140688338317,Guess,22
7.0,448.9329341063276,Guess,22
8.0,449.6850170730613,Guess,22
9.0,450.3968868739903,Guess,22
10.0,451.15691450145096,Guess,22
11.0,451.82891728077084,Guess,22
12.0,452.5489906286821,Guess,22
13.0,453.2369914809242,Guess,22
14.0,453.8929278566502,Guess,22
15.0,454.6208441713825,Guess,22
16.0,455.27690469753,Guess,22
17.0,455.9969979352318,Guess,22
18.0,456.65289934398606,Guess,22
19.0,457.30898457206786,Guess,22
20.0,457.99693698296323,Guess,22
21.0,458.71687142411247,Guess,22
22.0,459.38077170867473,Guess,22
23.0,460.077015245799,Guess,22
24.0,460.72482763323933,Guess,22
25.0,461.3807906359434,Guess,22
26.0,462.02886319346726,Guess,22
27.0,462.77289563557133,Guess,22
28.0,463.35699803801253,Guess,22
29.0,464.1088339877315,Guess,22
30.0,464.84480852633715,Guess,22
31.0,465.484964012634,Guess,22
32.0,466.4133648662828,Guess,22
33.0,467.1010275930166,Guess,22
34.0,467.8768762103282,Guess,22
35.0,468.5969194029458,Guess,22
36.0,469.2128055798821,Guess,22
37.0,469.95685053337365,Guess,22
38.0,470.73277582228184,Guess,22
39.0,471.4448855826631,Guess,22
40.0,472.1968748755753,Guess,22
41.0,472.95707477396354,Guess,22
42.0,473.6128238015808,Guess,22
43.0,474.3088825568557,Guess,22
44.0,475.0208380119875,Guess,22
45.0,475.6049846848473,Guess,22
46.0,476.18896422022954,Guess,22
47.0,476.85325010865927,Guess,22
48.0,477.5247864420526,Guess,22
49.0,478.1646098983474,Guess,22
50.0,478.78088905801997,Guess,22
51.0,479.484961445909,Guess,22
52.0,480.1728070299141,Guess,22
53.0,480.79681847896427,Guess,22
54.0,481.45292712561786,Guess,22
55.0,482.10080656036735,Guess,22
56.0,482.7328958022408,Guess,22
57.0,483.388819667045,Guess,22
58.0,484.0450511807576,Guess,22
59.0,484.812774526421,Guess,22
60.0,485.48492070427164,Guess,22
61.0,486.23689748579636,Guess,22
62.0,486.90903468150645,Guess,22
63.0,487.6529294992797,Guess,22
64.0,488.30890661710873,Guess,22
65.0,488.9649132490158,Guess,22
66.0,489.6690286244266,Guess,22
67.0,490.3249322785996,Guess,22
68.0,490.94894084054977,Guess,22
69.0,491.540790930856,Guess,22
70.0,492.3170023751445,Guess,22
71.0,492.9731100597419,Guess,22
72.0,493.65276749432087,Guess,22
73.0,494.372811970301,Guess,22
74.0,495.01288468996063,Guess,22
75.0,495.6849407223053,Guess,22
76.0,496.3728039502166,Guess,22
77.0,497.06078266724944,Guess,22
78.0,497.71692435629666,Guess,22
79.0,498.3729210430756,Guess,22
80.0,499.00493938755244,Guess,22
81.0,499.6049115420319,Guess,22
82.0,500.3089178451337,Guess,22
83.0,500.8929054006003,Guess,22
84.0,501.60480888560414,Guess,22
85.0,502.1489525176585,Guess,22
86.0,502.7408298761584,Guess,22
87.0,503.36518169613555,Guess,22
1.0,538.2206790223718,NoGuess,22
2.0,538.9328356198967,NoGuess,22
3.0,539.6528050280176,NoGuess,22
4.0,540.2929229806177,NoGuess,22
5.0,540.9170162337832,NoGuess,22
6.0,541.5327618997544,NoGuess,22
7.0,542.1328617329709,NoGuess,22
8.0,542.7569508161396,NoGuess,22
9.0,543.4687548521906,NoGuess,22
10.0,544.2929399833083,NoGuess,22
11.0,544.9407838089392,NoGuess,22
12.0,545.6129084932618,NoGuess,22
13.0,546.2768321963958,NoGuess,22
14.0,546.9087806059979,NoGuess,22
15.0,547.6369262938388,NoGuess,22
16.0,548.2529516988434,NoGuess,22
17.0,548.8849677979015,NoGuess,22
18.0,549.5807846686803,NoGuess,22
19.0,550.1729023084044,NoGuess,22
20.0,550.8767485311255,NoGuess,22
21.0,551.6529051186517,NoGuess,22
22.0,552.2847008267418,NoGuess,22
23.0,553.1009050467983,NoGuess,22
24.0,553.748913764488,NoGuess,22
25.0,554.4208719525486,NoGuess,22
26.0,555.0929376091808,NoGuess,22
27.0,555.7650869949721,NoGuess,22
28.0,556.4207965643145,NoGuess,22
29.0,557.1328899636865,NoGuess,22
30.0,557.7967803035863,NoGuess,22
31.0,558.5327811478637,NoGuess,22
32.0,559.1807824876159,NoGuess,22
33.0,559.9569952148013,NoGuess,22
34.0,560.6608404754661,NoGuess,22
35.0,561.3250580332242,NoGuess,22
36.0,562.03673021961,NoGuess,22
37.0,562.7567682797089,NoGuess,22
38.0,563.4289946579374,NoGuess,22
39.0,564.1569440150633,NoGuess,22
40.0,564.8129115086049,NoGuess,22
41.0,565.6689753714018,NoGuess,22
42.0,566.3330379817635,NoGuess,22
43.0,567.0048694531433,NoGuess,22
44.0,567.7885761139914,NoGuess,22
45.0,579.4688867018558,NoGuess,22
46.0,580.2048355764709,NoGuess,22
47.0,580.8208532817662,NoGuess,22
48.0,581.5009646513499,NoGuess,22
49.0,582.252895237878,NoGuess,22
50.0,582.7889277129434,NoGuess,22
51.0,583.3969564880244,NoGuess,22
52.0,584.0369031322189,NoGuess,22
53.0,584.6608019792475,NoGuess,22
54.0,585.2688426235691,NoGuess,22
55.0,585.9807502790354,NoGuess,22
56.0,586.7648101430386,NoGuess,22
57.0,587.6688537877053,NoGuess,22
58.0,588.3248337926343,NoGuess,22
59.0,589.0049262349494,NoGuess,22
60.0,589.7490584463812,NoGuess,22
61.0,590.3407680257224,NoGuess,22
62.0,591.0372653175145,NoGuess,22
63.0,591.7892494774424,NoGuess,22
64.0,592.5249927178957,NoGuess,22
65.0,593.2210335084237,NoGuess,22
66.0,594.0367520344444,NoGuess,22
67.0,596.3489151122048,NoGuess,22
68.0,596.9967573340982,NoGuess,22
1.0,654.9968670480885,NoGuess_Perturbed,22
2.0,655.684703970328,NoGuess_Perturbed,22
3.0,656.396979264915,NoGuess_Perturbed,22
4.0,657.1570271025412,NoGuess_Perturbed,22
5.0,658.1805925727822,NoGuess_Perturbed,22
6.0,658.9328715498559,NoGuess_Perturbed,22
7.0,659.7568856934085,NoGuess_Perturbed,22
8.0,660.436814205721,NoGuess_Perturbed,22
9.0,661.2049154560082,NoGuess_Perturbed,22
10.0,662.0049554277211,NoGuess_Perturbed,22
11.0,662.6289325510152,NoGuess_Perturbed,22
12.0,663.3169404603541,NoGuess_Perturbed,22
13.0,664.0209008888341,NoGuess_Perturbed,22
14.0,664.6607747110538,NoGuess_Perturbed,22
15.0,665.3488531974144,NoGuess_Perturbed,22
16.0,666.0207956656814,NoGuess_Perturbed,22
17.0,666.828872689046,NoGuess_Perturbed,22
18.0,667.4209261680953,NoGuess_Perturbed,22
19.0,668.1569234835915,NoGuess_Perturbed,22
20.0,668.9007618403994,NoGuess_Perturbed,22
21.0,669.5328728971072,NoGuess_Perturbed,22
22.0,670.1889327815734,NoGuess_Perturbed,22
23.0,671.1167295654304,NoGuess_Perturbed,22
24.0,671.7487533637322,NoGuess_Perturbed,22
25.0,672.3727984968573,NoGuess_Perturbed,22
26.0,673.0127727296203,NoGuess_Perturbed,22
27.0,673.8446731478907,NoGuess_Perturbed,22
28.0,674.4207834112458,NoGuess_Perturbed,22
29.0,675.108848423697,NoGuess_Perturbed,22
30.0,675.7807703609578,NoGuess_Perturbed,22
1.0,329.9644500105642,Guess,23
2.0,332.2203376889229,Guess,23
3.0,334.22863106103614,Guess,23
4.0,335.98031430877745,Guess,23
5.0,338.2924610255286,Guess,23
6.0,341.1563434735872,Guess,23
7.0,344.0287031130865,Guess,23
8.0,347.1163612846285,Guess,23
9.0,349.41231873072684,Guess,23
10.0,352.116438918747,Guess,23
11.0,355.06853901641443,Guess,23
12.0,357.48447928065434,Guess,23
13.0,360.31675214972347,Guess,23
14.0,362.3563490556553,Guess,23
15.0,364.48464096477255,Guess,23
16.0,366.4204844236374,Guess,23
17.0,368.26047193817794,Guess,23
18.0,370.5084204096347,Guess,23
19.0,374.23636752087623,Guess,23
20.0,378.75631338218227,Guess,23
21.0,384.5724537628703,Guess,23
1.0,419.8202771213837,NoGuess,23
2.0,425.20442077936605,NoGuess,23
3.0,431.1883675288409,NoGuess,23
4.0,437.4125041542575,NoGuess,23
5.0,445.51635833317414,NoGuess,23
6.0,452.4204305289313,NoGuess,23
7.0,457.0203346735798,NoGuess,23
8.0,462.652469790075,NoGuess,23
9.0,467.7244330467656,NoGuess,23
1.0,533.7084141224623,NoGuess_Perturbed,23
2.0,536.0286203464493,NoGuess_Perturbed,23
3.0,538.1804767632857,NoGuess_Perturbed,23
4.0,540.5563187082298,NoGuess_Perturbed,23
5.0,543.1644754828885,NoGuess_Perturbed,23
1.0,354.7770147328265,Guess,24
2.0,355.8409345219843,Guess,24
3.0,357.03300795471296,Guess,24
4.0,358.3371333396062,Guess,24
5.0,359.872950556688,Guess,24
6.0,361.40099057229236,Guess,24
7.0,362.9609667430632,Guess,24
8.0,364.3448390024714,Guess,24
9.0,365.76886283420026,Guess,24
10.0,367.2730974201113,Guess,24
11.0,368.5209069843404,Guess,24
12.0,369.89688334520906,Guess,24
13.0,371.200869822409,Guess,24
14.0,372.5209204577841,Guess,24
15.0,373.76910439832136,Guess,24
16.0,375.24097231263295,Guess,24
17.0,376.5929565364495,Guess,24
18.0,377.9528350555338,Guess,24
19.0,379.59289365960285,Guess,24
20.0,381.0008125915192,Guess,24
21.0,382.3208471867256,Guess,24
22.0,383.5450948099606,Guess,24
23.0,384.8647303278558,Guess,24
24.0,386.0649014431983,Guess,24
25.0,387.4328391486779,Guess,24
26.0,388.7929399833083,Guess,24
27.0,390.07287433417514,Guess,24
28.0,391.3688715598546,Guess,24
29.0,392.7529391874559,Guess,24
30.0,394.2491078497842,Guess,24
31.0,395.4568575909361,Guess,24
32.0,396.80888127395883,Guess,24
33.0,398.0089051416144,Guess,24
34.0,399.2408735053614,Guess,24
35.0,400.5049794879742,Guess,24
36.0,401.74497977038845,Guess,24
37.0,403.0329662505537,Guess,24
38.0,404.32083852496,Guess,24
39.0,405.95283024339005,Guess,24
1.0,460.0729680084624,NoGuess,24
2.0,461.9288592799567,NoGuess,24
3.0,467.1689115320333,NoGuess,24
4.0,475.865102137439,NoGuess,24
5.0,497.4650252088905,NoGuess,24
1.0,584.0728368004784,NoGuess_Perturbed,24
2.0,587.4967874893919,NoGuess_Perturbed,24
3.0,593.9131454378366,NoGuess_Perturbed,24
4.0,594.2328005242161,NoGuess_Perturbed,24
5.0,603.0409064195119,NoGuess_Perturbed,24
6.0,604.656821468845,NoGuess_Perturbed,24
7.0,605.8009231397882,NoGuess_Perturbed,24
1.0,428.92565414728597,Guess,25
2.0,430.6939308764413,Guess,25
3.0,432.9898434104398,Guess,25
4.0,435.39765519462526,Guess,25
5.0,436.42979056807235,Guess,25
6.0,438.5257950439118,Guess,25
7.0,440.8776057139039,Guess,25
8.0,442.57376327645034,Guess,25
9.0,444.8696164623834,Guess,25
10.0,447.07761610811576,Guess,25
11.0,449.9416182152927,Guess,25
12.0,451.96554009616375,Guess,25
13.0,453.9578870446421,Guess,25
14.0,456.1097190803848,Guess,25
15.0,458.14980168035254,Guess,25
16.0,460.37366049177945,Guess,25
17.0,462.54960849368945,Guess,25
18.0,465.23774632811546,Guess,25
19.0,467.12561032595113,Guess,25
20.0,468.94167628046125,Guess,25
21.0,471.2137859510258,Guess,25
22.0,473.5976392826997,Guess,25
23.0,475.9337499057874,Guess,25
24.0,478.2617307654582,Guess,25
25.0,480.7257566759363,Guess,25
26.0,482.93393725389615,Guess,25
27.0,485.3097570631653,Guess,25
1.0,532.2696009995416,NoGuess,25
2.0,537.4538475065492,NoGuess,25
3.0,543.9098081351258,NoGuess,25
4.0,548.8217274677008,NoGuess,25
5.0,552.7014867248945,NoGuess,25
6.0,556.5657926313579,NoGuess,25
7.0,559.8056626683101,NoGuess,25
8.0,563.0456453063525,NoGuess,25
9.0,566.7816676446237,NoGuess,25
10.0,571.2857918743975,NoGuess,25
11.0,576.1016406458803,NoGuess,25
12.0,579.5816710446961,NoGuess,25
13.0,583.0056140343659,NoGuess,25
14.0,588.2456874595955,NoGuess,25
1.0,660.5978583903052,NoGuess_Perturbed,25
2.0,662.2456736648455,NoGuess_Perturbed,25
3.0,664.109875310678,NoGuess_Perturbed,25
4.0,665.9816504488699,NoGuess_Perturbed,25
5.0,667.741742878221,NoGuess_Perturbed,25
6.0,669.4057746916078,NoGuess_Perturbed,25
7.0,671.0617306367494,NoGuess_Perturbed,25
8.0,672.5735842688009,NoGuess_Perturbed,25
9.0,674.2298125745729,NoGuess_Perturbed,25
10.0,675.9096852676012,NoGuess_Perturbed,25
11.0,677.5736086498946,NoGuess_Perturbed,25
12.0,679.2776220105588,NoGuess_Perturbed,25
13.0,681.133789813146,NoGuess_Perturbed,25
14.0,682.8775986558758,NoGuess_Perturbed,25
15.0,684.6537501104176,NoGuess_Perturbed,25
16.0,686.5497557413764,NoGuess_Perturbed,25
17.0,689.0857356050983,NoGuess_Perturbed,25
18.0,691.5576128228568,NoGuess_Perturbed,25
19.0,693.8536937776953,NoGuess_Perturbed,25
20.0,695.9817267996259,NoGuess_Perturbed,25
21.0,697.7975730048493,NoGuess_Perturbed,25
22.0,699.8775460445322,NoGuess_Perturbed,25
23.0,701.5495388791896,NoGuess_Perturbed,25
24.0,703.4217169447802,NoGuess_Perturbed,25
25.0,705.7095892191865,NoGuess_Perturbed,25
26.0,707.6617534775287,NoGuess_Perturbed,25
27.0,710.0777540523559,NoGuess_Perturbed,25
28.0,712.5654387865216,NoGuess_Perturbed,25
29.0,714.9895694451407,NoGuess_Perturbed,25
30.0,717.5896294992417,NoGuess_Perturbed,25
1.0,438.20876860804856,Guess,26
2.0,439.36072094459087,Guess,26
3.0,440.54468161659315,Guess,26
4.0,441.6646349206567,Guess,26
5.0,442.8326366581023,Guess,26
6.0,444.21675176452845,Guess,26
7.0,445.69680494070053,Guess,26
8.0,447.6566844857298,Guess,26
9.0,449.29677517013624,Guess,26
10.0,450.4487868552096,Guess,26
11.0,451.7526241596788,Guess,26
12.0,453.40096490783617,Guess,26
13.0,454.6886341148056,Guess,26
14.0,456.12890656571835,Guess,26
15.0,457.52879069186747,Guess,26
16.0,458.7525770016946,Guess,26
17.0,460.1207748777233,Guess,26
18.0,461.5447335867211,Guess,26
19.0,462.89676881814376,Guess,26
20.0,464.3448001849465,Guess,26
21.0,465.76075681019574,Guess,26
22.0,467.07257695076987,Guess,26
23.0,468.5846349336207,Guess,26
24.0,470.0726610007696,Guess,26
25.0,471.1607743902132,Guess,26
26.0,472.400645068381,Guess,26
27.0,473.6568253180012,Guess,26
28.0,474.89679159549996,Guess,26
29.0,476.23271422833204,Guess,26
30.0,477.5366362244822,Guess,26
31.0,478.8246336118318,Guess,26
32.0,480.1046298779547,Guess,26
33.0,481.3608043529093,Guess,26
34.0,482.7606300935149,Guess,26
35.0,484.07261384278536,Guess,26
36.0,485.4325722414069,Guess,26
37.0,486.80084037268534,Guess,26
38.0,488.1926556881517,Guess,26
39.0,489.6566222505644,Guess,26
40.0,491.04873687401414,Guess,26
41.0,492.4166803541593,Guess,26
42.0,493.4807335967198,Guess,26
43.0,494.7045795759186,Guess,26
44.0,496.2964752204716,Guess,26
1.0,555.8647630489431,NoGuess,26
2.0,557.6246004407294,NoGuess,26
3.0,559.7926130853593,NoGuess,26
4.0,560.928900341969,NoGuess,26
5.0,562.3526652865112,NoGuess,26
6.0,563.7845882247202,NoGuess,26
7.0,565.048729495611,NoGuess,26
8.0,566.6166147175245,NoGuess,26
9.0,568.1686311503872,NoGuess,26
10.0,570.192694505211,NoGuess,26
11.0,571.408392756246,NoGuess,26
12.0,572.8725620652549,NoGuess,26
13.0,574.5608689622022,NoGuess,26
14.0,576.096629397478,NoGuess,26
15.0,577.4807611857541,NoGuess,26
16.0,579.1049388097599,NoGuess,26
17.0,580.7605816521682,NoGuess,26
18.0,582.8566493256949,NoGuess,26
19.0,584.6564313732088,NoGuess,26
20.0,586.5925481552258,NoGuess,26
21.0,588.7525423550978,NoGuess,26
22.0,590.8726259046234,NoGuess,26
23.0,592.8966866927221,NoGuess,26
24.0,593.5925888968632,NoGuess,26
25.0,595.7287324341014,NoGuess,26
26.0,598.3846332011744,NoGuess,26
27.0,600.552599650342,NoGuess,26
28.0,602.392578503117,NoGuess,26
29.0,604.4726047958247,NoGuess,26
30.0,606.5925385309383,NoGuess,26
31.0,608.8167415629141,NoGuess,26
32.0,609.9367741048336,NoGuess,26
33.0,611.2647386039607,NoGuess,26
34.0,613.1607137583196,NoGuess,26
1.0,691.2726380312815,NoGuess_Perturbed,26
2.0,692.4089313829318,NoGuess_Perturbed,26
3.0,693.7366065182723,NoGuess_Perturbed,26
4.0,694.8725848421454,NoGuess_Perturbed,26
5.0,696.1207877094857,NoGuess_Perturbed,26
6.0,697.3526081838645,NoGuess_Perturbed,26
7.0,698.5766569096595,NoGuess_Perturbed,26
8.0,699.9126042444259,NoGuess_Perturbed,26
9.0,700.9846416064538,NoGuess_Perturbed,26
10.0,702.1925921691582,NoGuess_Perturbed,26
11.0,703.5125686996616,NoGuess_Perturbed,26
12.0,704.6324539934285,NoGuess_Perturbed,26
13.0,706.0727322185412,NoGuess_Perturbed,26
14.0,707.5125901931897,NoGuess_Perturbed,26
15.0,708.9925833796151,NoGuess_Perturbed,26
16.0,710.2966259974055,NoGuess_Perturbed,26
17.0,711.9046188420616,NoGuess_Perturbed,26
18.0,713.1765915304422,NoGuess_Perturbed,26
19.0,714.4966161809862,NoGuess_Perturbed,26
20.0,715.7287420583889,NoGuess_Perturbed,26
21.0,717.104554489255,NoGuess_Perturbed,26
22.0,718.6167552289553,NoGuess_Perturbed,26
23.0,720.160727232229,NoGuess_Perturbed,26
1.0,712.8247310971612,Guess,27
2.0,714.2649040991212,Guess,27
3.0,715.7849619203018,Guess,27
4.0,717.3528830721746,Guess,27
5.0,719.1369570517684,Guess,27
6.0,720.7925893078329,Guess,27
7.0,722.5368443863238,Guess,27
8.0,724.328622103739,Guess,27
9.0,726.1610967573481,Guess,27
10.0,727.9689110439042,Guess,27
11.0,729.776861670963,Guess,27
12.0,731.55292650878,Guess,27
13.0,733.6407223041872,Guess,27
14.0,735.5931807379941,Guess,27
15.0,737.6888743569846,Guess,27
16.0,739.5928660315233,Guess,27
17.0,741.5207022736552,Guess,27
18.0,743.5849714158805,Guess,27
19.0,745.3609438632386,Guess,27
20.0,747.424676303822,Guess,27
21.0,749.6407360989372,Guess,27
22.0,751.8248510766546,Guess,27
23.0,754.0331189130204,Guess,27
24.0,756.208686764888,Guess,27
25.0,758.3446641262392,Guess,27
26.0,760.2807212393502,Guess,27
27.0,762.3048968744235,Guess,27
28.0,764.1688669012631,Guess,27
29.0,766.3207117692339,Guess,27
30.0,768.2008896731543,Guess,27
31.0,770.7608433878752,Guess,27
1.0,902.6089555839994,NoGuess,27
1.0,492.71873588213276,Guess,28
2.0,493.41492392081346,Guess,28
3.0,494.1267343732114,Guess,28
4.0,494.8788282475951,Guess,28
5.0,495.73488505236384,Guess,28
6.0,496.4788777148868,Guess,28
7.0,497.2628830429683,Guess,28
8.0,497.9988854914489,Guess,28
9.0,498.74277613875967,Guess,28
10.0,499.5427519502635,Guess,28
11.0,500.2788365241657,Guess,28
12.0,501.06302695493724,Guess,28
13.0,501.8865582910883,Guess,28
14.0,502.6228853911678,Guess,28
15.0,503.5025349343712,Guess,28
16.0,504.27076354302045,Guess,28
17.0,505.0228814776572,Guess,28
18.0,505.8148564883093,Guess,28
19.0,506.57484882749196,Guess,28
20.0,507.3507972141313,Guess,28
21.0,508.1987152738082,Guess,28
22.0,509.17472442058425,Guess,28
23.0,509.94288854771804,Guess,28
24.0,510.7749355724598,Guess,28
25.0,511.6387997344653,Guess,28
26.0,512.4467638354333,Guess,28
27.0,513.4867376839327,Guess,28
28.0,514.2628458301122,Guess,28
29.0,515.0787603655415,Guess,28
30.0,515.8148997966716,Guess,28
31.0,516.6309830742473,Guess,28
32.0,517.4148392291324,Guess,28
33.0,518.2629006868744,Guess,28
34.0,519.08680960774,Guess,28
35.0,519.9188713888223,Guess,28
36.0,520.7668173579084,Guess,28
37.0,521.6629176252106,Guess,28
38.0,522.4867152274171,Guess,28
39.0,523.2629006868744,Guess,28
40.0,524.1030348078864,Guess,28
41.0,524.9189843112188,Guess,28
42.0,525.7109820987614,Guess,28
43.0,526.5350783677357,Guess,28
44.0,527.3751371000478,Guess,28
45.0,528.2392691318462,Guess,28
46.0,529.0707608480523,Guess,28
47.0,529.8788163778888,Guess,28
48.0,530.7348045311453,Guess,28
49.0,531.686823145538,Guess,28
50.0,532.5585607500332,Guess,28
51.0,533.4228393883029,Guess,28
52.0,534.3027330614211,Guess,28
53.0,535.1828708653854,Guess,28
54.0,536.046712571341,Guess,28
55.0,536.870892890315,Guess,28
56.0,537.7907552789482,Guess,28
57.0,538.6388484966526,Guess,28
58.0,539.5508262147712,Guess,28
59.0,540.4147834093826,Guess,28
60.0,541.2946539852353,Guess,28
61.0,542.158693626109,Guess,28
62.0,543.0548673570672,Guess,28
63.0,544.0067441766666,Guess,28
64.0,544.8149331599059,Guess,28
65.0,545.7908755797478,Guess,28
66.0,546.7032392230401,Guess,28
67.0,547.4867367214108,Guess,28
68.0,548.4148716303105,Guess,28
69.0,549.1267581126237,Guess,28
70.0,550.0309467595587,Guess,28
71.0,550.9108763626361,Guess,28
72.0,551.7028279547164,Guess,28
1.0,733.6947100580213,NoGuess_Perturbed,28
2.0,734.8389856040952,NoGuess_Perturbed,28
3.0,747.9189634559219,NoGuess_Perturbed,28
4.0,748.8946469885772,NoGuess_Perturbed,28
5.0,758.9747120983442,NoGuess_Perturbed,28
6.0,762.0306612424096,NoGuess_Perturbed,28
1.0,331.1087990202941,Guess,29
2.0,332.0288227722049,Guess,29
3.0,332.9328086725436,Guess,29
4.0,333.844763292931,Guess,29
5.0,334.79650441370904,Guess,29
6.0,335.79755504010245,Guess,29
7.0,336.73282490484416,Guess,29
8.0,337.65281080268323,Guess,29
9.0,338.59675419004634,Guess,29
10.0,339.5729388152249,Guess,29
11.0,340.58088540052995,Guess,29
12.0,341.581026553642,Guess,29
13.0,342.5732695623301,Guess,29
14.0,343.5088040889241,Guess,29
15.0,344.51675195712596,Guess,29
16.0,345.4606459410861,Guess,29
17.0,346.50879189837724,Guess,29
18.0,347.2766464520246,Guess,29
19.0,348.20469410251826,Guess,29
20.0,349.2926570358686,Guess,29
21.0,350.2526562400162,Guess,29
22.0,351.24467949941754,Guess,29
23.0,352.1486981213093,Guess,29
24.0,353.1806724523194,Guess,29
25.0,354.1727386992425,Guess,29
26.0,355.14076436823234,Guess,29
27.0,356.244692010805,Guess,29
28.0,357.1885821451433,Guess,29
29.0,358.148836708162,Guess,29
30.0,359.14052633335814,Guess,29
31.0,360.204649831634,Guess,29
32.0,361.2207463905215,Guess,29
33.0,362.18075971025974,Guess,29
34.0,363.4688048972748,Guess,29
35.0,364.51651680935174,Guess,29
36.0,365.54862651834264,Guess,29
37.0,366.6126938764937,Guess,29
38.0,367.70068215345964,Guess,29
39.0,368.86083996202797,Guess,29
40.0,369.86081141093746,Guess,29
41.0,370.7887669913471,Guess,29
42.0,371.9088470120914,Guess,29
43.0,372.96472333418205,Guess,29
44.0,374.18896678695455,Guess,29
45.0,375.1647106301971,Guess,29
46.0,376.17258760146797,Guess,29
47.0,377.18894753884524,Guess,29
48.0,378.22071559354663,Guess,29
49.0,379.2687633857131,Guess,29
50.0,380.2768591437489,Guess,29
51.0,381.2367733353749,Guess,29
52.0,382.29272215859964,Guess,29
53.0,383.2608103840612,Guess,29
54.0,384.2687791045755,Guess,29
55.0,385.3166703451425,Guess,29
56.0,386.38065269077197,Guess,29
57.0,387.4288252745755,Guess,29
58.0,388.4528911956586,Guess,29
59.0,389.484776343219,Guess,29
60.0,390.56466854084283,Guess,29
1.0,423.06081763422117,NoGuess,29
2.0,424.2450067177415,NoGuess,29
3.0,425.6046427101828,NoGuess,29
4.0,428.38867177721113,NoGuess,29
5.0,429.8767347363755,NoGuess,29
6.0,430.9566423324868,NoGuess,29
7.0,432.18077029660344,NoGuess,29
8.0,433.88466945197433,NoGuess,29
9.0,437.2447112589143,NoGuess,29
10.0,438.41277715656906,NoGuess,29
11.0,439.8207272067666,NoGuess,29
12.0,441.53276029555127,NoGuess,29
13.0,443.5408140285872,NoGuess,29
14.0,444.87665966898203,NoGuess,29
15.0,445.78876859508455,NoGuess,29
16.0,448.74885088717565,NoGuess,29
17.0,451.8686492438428,NoGuess,29
18.0,452.86088487459347,NoGuess,29
19.0,453.900680356659,NoGuess,29
20.0,455.73276619799435,NoGuess,29
21.0,457.1008941391483,NoGuess,29
22.0,458.23671430768445,NoGuess,29
23.0,459.75663001369685,NoGuess,29
24.0,461.1245497544296,NoGuess,29
25.0,462.66879026871175,NoGuess,29
26.0,468.5246940511279,NoGuess,29
27.0,470.3564148200676,NoGuess,29
28.0,471.6926643499173,NoGuess,29
29.0,473.1487738308497,NoGuess,29
30.0,474.7887987503782,NoGuess,29
31.0,476.22881006868556,NoGuess,29
32.0,477.6367520983331,NoGuess,29
33.0,479.50080745853484,NoGuess,29
1.0,533.3247048300691,NoGuess_Perturbed,29
2.0,537.6207456849515,NoGuess_Perturbed,29
3.0,538.5648331125267,NoGuess_Perturbed,29
4.0,539.4926539561711,NoGuess_Perturbed,29
5.0,540.5406831414439,NoGuess_Perturbed,29
6.0,542.3411257197149,NoGuess_Perturbed,29
7.0,543.4690586514771,NoGuess_Perturbed,29
8.0,545.4285253249109,NoGuess_Perturbed,29
9.0,547.4527866141871,NoGuess_Perturbed,29
10.0,549.3166353777051,NoGuess_Perturbed,29
11.0,554.6447933199815,NoGuess_Perturbed,29
12.0,558.5566292442381,NoGuess_Perturbed,29
1.0,327.3881328301504,Guess,30
2.0,331.4918602919206,Guess,30
3.0,332.90810724301264,Guess,30
4.0,333.88396080071107,Guess,30
5.0,334.6680209855549,Guess,30
6.0,335.49180671805516,Guess,30
7.0,336.4280309691094,Guess,30
8.0,337.3800149364397,Guess,30
9.0,338.60389524139464,Guess,30
10.0,339.9800166049972,Guess,30
11.0,341.4519653613679,Guess,30
12.0,342.8519575977698,Guess,30
13.0,343.7637999379076,Guess,30
14.0,344.7157980208285,Guess,30
15.0,345.6120285335928,Guess,30
16.0,346.5640125009231,Guess,30
17.0,347.40396697307006,Guess,30
18.0,348.34793859068304,Guess,30
19.0,349.5799249196425,Guess,30
20.0,350.58795138448477,Guess,30
21.0,351.1960064647719,Guess,30
22.0,351.84391669696197,Guess,30
23.0,352.4280883925967,Guess,30
24.0,353.052003279794,Guess,30
25.0,353.6999436672777,Guess,30
26.0,354.1638922644779,Guess,30
27.0,354.70805803174153,Guess,30
28.0,355.21192016638815,Guess,30
29.0,355.6759903477505,Guess,30
30.0,356.14804079849273,Guess,30
31.0,356.61991095822304,Guess,30
32.0,357.09196237148717,Guess,30
33.0,357.5399164245464,Guess,30
34.0,358.0519150593318,Guess,30
35.0,358.5638447217643,Guess,30
36.0,359.14817585609853,Guess,30
37.0,359.87590738851577,Guess,30
38.0,360.41992269968614,Guess,30
39.0,361.66790260979906,Guess,30
40.0,363.1799451941624,Guess,30
41.0,364.75597012462094,Guess,30
42.0,365.7558523900807,Guess,30
43.0,366.6279310071841,Guess,30
44.0,367.47591354791075,Guess,30
45.0,368.2360919523053,Guess,30
46.0,369.13201417448,Guess,30
47.0,369.9720648867078,Guess,30
48.0,370.7718857508153,Guess,30
49.0,371.8359932093881,Guess,30
50.0,372.5880729681812,Guess,30
51.0,373.33190651331097,Guess,30
52.0,374.19586114166304,Guess,30
53.0,375.08411908429116,Guess,30
54.0,376.1638348409906,Guess,30
55.0,376.81200845120475,Guess,30
56.0,377.7879088460468,Guess,30
57.0,378.7879803851247,Guess,30
58.0,380.0920733688399,Guess,30
59.0,381.1159009337425,Guess,30
60.0,382.02007706975564,Guess,30
61.0,383.0839888388291,Guess,30
62.0,384.17196652898565,Guess,30
1.0,461.2518882406876,NoGuess,30
2.0,462.42787056835374,NoGuess,30
3.0,464.45995589625096,NoGuess,30
4.0,466.02053164597606,NoGuess,30
5.0,468.0200292700902,NoGuess,30
6.0,469.6518631535583,NoGuess,30
7.0,471.05210946546873,NoGuess,30
8.0,472.32384700607514,NoGuess,30
9.0,473.6917388364673,NoGuess,30
10.0,475.3721219254658,NoGuess,30
11.0,476.85988044366246,NoGuess,30
12.0,478.23597902990883,NoGuess,30
13.0,479.9959655948915,NoGuess,30
14.0,482.4598044776358,NoGuess,30
15.0,483.3958057714627,NoGuess,30
16.0,485.4996878597886,NoGuess,30
17.0,486.82778003765276,NoGuess,30
18.0,487.955859576352,NoGuess,30
19.0,489.94006457133224,NoGuess,30
20.0,490.5000263061375,NoGuess,30
21.0,492.1482409788296,NoGuess,30
22.0,493.0597750283778,NoGuess,30
23.0,493.9879776262679,NoGuess,30
1.0,584.3399361860938,NoGuess_Perturbed,30
2.0,585.3080366021022,NoGuess_Perturbed,30
3.0,586.2919685947709,NoGuess_Perturbed,30
4.0,587.3238575919531,NoGuess_Perturbed,30
5.0,588.1638181591406,NoGuess_Perturbed,30
6.0,588.9799749003723,NoGuess_Perturbed,30
